match_id,season,start_date,venue,innings,ball,batting_team,bowling_team,striker,non_striker,bowler,runs_off_bat,extras,wides,noballs,byes,legbyes,penalty,wicket_type,player_dismissed,other_wicket_type,other_player_dismissed
1384421,2023/24,2023-10-30,"Maharashtra Cricket Association Stadium, Pune",1,0.1,Sri Lanka,Afghanistan,P Nissanka,FDM Karunaratne,Mujeeb Ur Rahman,0,0,,,,,,,,,
1384421,2023/24,2023-10-30,"Maharashtra Cricket Association Stadium, Pune",1,0.2,Sri Lanka,Afghanistan,P Nissanka,FDM Karunaratne,Mujeeb Ur Rahman,1,0,,,,,,,,,
1384421,2023/24,2023-10-30,"Maharashtra Cricket Association Stadium, Pune",1,0.3,Sri Lanka,Afghanistan,FDM Karunaratne,P Nissanka,Mujeeb Ur Rahman,0,0,,,,,,,,,
1384421,2023/24,2023-10-30,"Maharashtra Cricket Association Stadium, Pune",1,0.4,Sri Lanka,Afghanistan,FDM Karunaratne,P Nissanka,Mujeeb Ur Rahman,1,0,,,,,,,,,
1384421,2023/24,2023-10-30,"Maharashtra Cricket Association Stadium, Pune",1,0.5,Sri Lanka,Afghanistan,P Nissanka,FDM Karunaratne,Mujeeb Ur Rahman,1,0,,,,,,,,,
1384421,2023/24,2023-10-30,"Maharashtra Cricket Association Stadium, Pune",1,0.6,Sri Lanka,Afghanistan,FDM Karunaratne,P Nissanka,Mujeeb Ur Rahman,1,0,,,,,,,,,
1384421,2023/24,2023-10-30,"Maharashtra Cricket Association Stadium, Pune",1,1.1,Sri Lanka,Afghanistan,FDM Karunaratne,P Nissanka,Fazalhaq Farooqi,0,0,,,,,,,,,
1384421,2023/24,2023-10-30,"Maharashtra Cricket Association Stadium, Pune",1,1.2,Sri Lanka,Afghanistan,FDM Karunaratne,P Nissanka,Fazalhaq Farooqi,0,0,,,,,,,,,
1384421,2023/24,2023-10-30,"Maharashtra Cricket Association Stadium, Pune",1,1.3,Sri Lanka,Afghanistan,FDM Karunaratne,P Nissanka,Fazalhaq Farooqi,0,0,,,,,,,,,
1384421,2023/24,2023-10-30,"Maharashtra Cricket Association Stadium, Pune",1,1.4,Sri Lanka,Afghanistan,FDM Karunaratne,P Nissanka,Fazalhaq Farooqi,0,0,,,,,,,,,
1384421,2023/24,2023-10-30,"Maharashtra Cricket Association Stadium, Pune",1,1.5,Sri Lanka,Afghanistan,FDM Karunaratne,P Nissanka,Fazalhaq Farooqi,1,0,,,,,,,,,
1384421,2023/24,2023-10-30,"Maharashtra Cricket Association Stadium, Pune",1,1.6,Sri Lanka,Afghanistan,P Nissanka,FDM Karunaratne,Fazalhaq Farooqi,1,0,,,,,,,,,
1384421,2023/24,2023-10-30,"Maharashtra Cricket Association Stadium, Pune",1,2.1,Sri Lanka,Afghanistan,P Nissanka,FDM Karunaratne,Mujeeb Ur Rahman,0,0,,,,,,,,,
1384421,2023/24,2023-10-30,"Maharashtra Cricket Association Stadium, Pune",1,2.2,Sri Lanka,Afghanistan,P Nissanka,FDM Karunaratne,Mujeeb Ur Rahman,1,0,,,,,,,,,
1384421,2023/24,2023-10-30,"Maharashtra Cricket Association Stadium, Pune",1,2.3,Sri Lanka,Afghanistan,FDM Karunaratne,P Nissanka,Mujeeb Ur Rahman,2,0,,,,,,,,,
1384421,2023/24,2023-10-30,"Maharashtra Cricket Association Stadium, Pune",1,2.4,Sri Lanka,Afghanistan,FDM Karunaratne,P Nissanka,Mujeeb Ur Rahman,0,0,,,,,,,,,
1384421,2023/24,2023-10-30,"Maharashtra Cricket Association Stadium, Pune",1,2.5,Sri Lanka,Afghanistan,FDM Karunaratne,P Nissanka,Mujeeb Ur Rahman,1,0,,,,,,,,,
1384421,2023/24,2023-10-30,"Maharashtra Cricket Association Stadium, Pune",1,2.6,Sri Lanka,Afghanistan,P Nissanka,FDM Karunaratne,Mujeeb Ur Rahman,0,0,,,,,,,,,
1384421,2023/24,2023-10-30,"Maharashtra Cricket Association Stadium, Pune",1,3.1,Sri Lanka,Afghanistan,FDM Karunaratne,P Nissanka,Fazalhaq Farooqi,0,0,,,,,,,,,
1384421,2023/24,2023-10-30,"Maharashtra Cricket Association Stadium, Pune",1,3.2,Sri Lanka,Afghanistan,FDM Karunaratne,P Nissanka,Fazalhaq Farooqi,1,0,,,,,,,,,
1384421,2023/24,2023-10-30,"Maharashtra Cricket Association Stadium, Pune",1,3.3,Sri Lanka,Afghanistan,P Nissanka,FDM Karunaratne,Fazalhaq Farooqi,1,0,,,,,,,,,
1384421,2023/24,2023-10-30,"Maharashtra Cricket Association Stadium, Pune",1,3.4,Sri Lanka,Afghanistan,FDM Karunaratne,P Nissanka,Fazalhaq Farooqi,0,0,,,,,,,,,
1384421,2023/24,2023-10-30,"Maharashtra Cricket Association Stadium, Pune",1,3.5,Sri Lanka,Afghanistan,FDM Karunaratne,P Nissanka,Fazalhaq Farooqi,1,0,,,,,,,,,
1384421,2023/24,2023-10-30,"Maharashtra Cricket Association Stadium, Pune",1,3.6,Sri Lanka,Afghanistan,P Nissanka,FDM Karunaratne,Fazalhaq Farooqi,0,0,,,,,,,,,
1384421,2023/24,2023-10-30,"Maharashtra Cricket Association Stadium, Pune",1,4.1,Sri Lanka,Afghanistan,FDM Karunaratne,P Nissanka,Mujeeb Ur Rahman,1,0,,,,,,,,,
1384421,2023/24,2023-10-30,"Maharashtra Cricket Association Stadium, Pune",1,4.2,Sri Lanka,Afghanistan,P Nissanka,FDM Karunaratne,Mujeeb Ur Rahman,1,0,,,,,,,,,
1384421,2023/24,2023-10-30,"Maharashtra Cricket Association Stadium, Pune",1,4.3,Sri Lanka,Afghanistan,FDM Karunaratne,P Nissanka,Mujeeb Ur Rahman,1,0,,,,,,,,,
1384421,2023/24,2023-10-30,"Maharashtra Cricket Association Stadium, Pune",1,4.4,Sri Lanka,Afghanistan,P Nissanka,FDM Karunaratne,Mujeeb Ur Rahman,1,0,,,,,,,,,
1384421,2023/24,2023-10-30,"Maharashtra Cricket Association Stadium, Pune",1,4.5,Sri Lanka,Afghanistan,FDM Karunaratne,P Nissanka,Mujeeb Ur Rahman,0,0,,,,,,,,,
1384421,2023/24,2023-10-30,"Maharashtra Cricket Association Stadium, Pune",1,4.6,Sri Lanka,Afghanistan,FDM Karunaratne,P Nissanka,Mujeeb Ur Rahman,1,0,,,,,,,,,
1384421,2023/24,2023-10-30,"Maharashtra Cricket Association Stadium, Pune",1,5.1,Sri Lanka,Afghanistan,FDM Karunaratne,P Nissanka,Fazalhaq Farooqi,4,0,,,,,,,,,
1384421,2023/24,2023-10-30,"Maharashtra Cricket Association Stadium, Pune",1,5.2,Sri Lanka,Afghanistan,FDM Karunaratne,P Nissanka,Fazalhaq Farooqi,0,0,,,,,,lbw,FDM Karunaratne,,
1384421,2023/24,2023-10-30,"Maharashtra Cricket Association Stadium, Pune",1,5.3,Sri Lanka,Afghanistan,BKG Mendis,P Nissanka,Fazalhaq Farooqi,0,0,,,,,,,,,
1384421,2023/24,2023-10-30,"Maharashtra Cricket Association Stadium, Pune",1,5.4,Sri Lanka,Afghanistan,BKG Mendis,P Nissanka,Fazalhaq Farooqi,0,0,,,,,,,,,
1384421,2023/24,2023-10-30,"Maharashtra Cricket Association Stadium, Pune",1,5.5,Sri Lanka,Afghanistan,BKG Mendis,P Nissanka,Fazalhaq Farooqi,0,0,,,,,,,,,
1384421,2023/24,2023-10-30,"Maharashtra Cricket Association Stadium, Pune",1,5.6,Sri Lanka,Afghanistan,BKG Mendis,P Nissanka,Fazalhaq Farooqi,0,0,,,,,,,,,
1384421,2023/24,2023-10-30,"Maharashtra Cricket Association Stadium, Pune",1,6.1,Sri Lanka,Afghanistan,P Nissanka,BKG Mendis,Mujeeb Ur Rahman,0,0,,,,,,,,,
1384421,2023/24,2023-10-30,"Maharashtra Cricket Association Stadium, Pune",1,6.2,Sri Lanka,Afghanistan,P Nissanka,BKG Mendis,Mujeeb Ur Rahman,0,0,,,,,,,,,
1384421,2023/24,2023-10-30,"Maharashtra Cricket Association Stadium, Pune",1,6.3,Sri Lanka,Afghanistan,P Nissanka,BKG Mendis,Mujeeb Ur Rahman,0,0,,,,,,,,,
1384421,2023/24,2023-10-30,"Maharashtra Cricket Association Stadium, Pune",1,6.4,Sri Lanka,Afghanistan,P Nissanka,BKG Mendis,Mujeeb Ur Rahman,0,0,,,,,,,,,
1384421,2023/24,2023-10-30,"Maharashtra Cricket Association Stadium, Pune",1,6.5,Sri Lanka,Afghanistan,P Nissanka,BKG Mendis,Mujeeb Ur Rahman,0,0,,,,,,,,,
1384421,2023/24,2023-10-30,"Maharashtra Cricket Association Stadium, Pune",1,6.6,Sri Lanka,Afghanistan,P Nissanka,BKG Mendis,Mujeeb Ur Rahman,1,0,,,,,,,,,
1384421,2023/24,2023-10-30,"Maharashtra Cricket Association Stadium, Pune",1,7.1,Sri Lanka,Afghanistan,P Nissanka,BKG Mendis,Fazalhaq Farooqi,0,0,,,,,,,,,
1384421,2023/24,2023-10-30,"Maharashtra Cricket Association Stadium, Pune",1,7.2,Sri Lanka,Afghanistan,P Nissanka,BKG Mendis,Fazalhaq Farooqi,4,0,,,,,,,,,
1384421,2023/24,2023-10-30,"Maharashtra Cricket Association Stadium, Pune",1,7.3,Sri Lanka,Afghanistan,P Nissanka,BKG Mendis,Fazalhaq Farooqi,0,0,,,,,,,,,
1384421,2023/24,2023-10-30,"Maharashtra Cricket Association Stadium, Pune",1,7.4,Sri Lanka,Afghanistan,P Nissanka,BKG Mendis,Fazalhaq Farooqi,0,0,,,,,,,,,
1384421,2023/24,2023-10-30,"Maharashtra Cricket Association Stadium, Pune",1,7.5,Sri Lanka,Afghanistan,P Nissanka,BKG Mendis,Fazalhaq Farooqi,1,0,,,,,,,,,
1384421,2023/24,2023-10-30,"Maharashtra Cricket Association Stadium, Pune",1,7.6,Sri Lanka,Afghanistan,BKG Mendis,P Nissanka,Fazalhaq Farooqi,0,0,,,,,,,,,
1384421,2023/24,2023-10-30,"Maharashtra Cricket Association Stadium, Pune",1,8.1,Sri Lanka,Afghanistan,P Nissanka,BKG Mendis,Mujeeb Ur Rahman,4,0,,,,,,,,,
1384421,2023/24,2023-10-30,"Maharashtra Cricket Association Stadium, Pune",1,8.2,Sri Lanka,Afghanistan,P Nissanka,BKG Mendis,Mujeeb Ur Rahman,0,0,,,,,,,,,
1384421,2023/24,2023-10-30,"Maharashtra Cricket Association Stadium, Pune",1,8.3,Sri Lanka,Afghanistan,P Nissanka,BKG Mendis,Mujeeb Ur Rahman,1,0,,,,,,,,,
1384421,2023/24,2023-10-30,"Maharashtra Cricket Association Stadium, Pune",1,8.4,Sri Lanka,Afghanistan,BKG Mendis,P Nissanka,Mujeeb Ur Rahman,0,0,,,,,,,,,
1384421,2023/24,2023-10-30,"Maharashtra Cricket Association Stadium, Pune",1,8.5,Sri Lanka,Afghanistan,BKG Mendis,P Nissanka,Mujeeb Ur Rahman,0,0,,,,,,,,,
1384421,2023/24,2023-10-30,"Maharashtra Cricket Association Stadium, Pune",1,8.6,Sri Lanka,Afghanistan,BKG Mendis,P Nissanka,Mujeeb Ur Rahman,1,0,,,,,,,,,
1384421,2023/24,2023-10-30,"Maharashtra Cricket Association Stadium, Pune",1,9.1,Sri Lanka,Afghanistan,BKG Mendis,P Nissanka,Fazalhaq Farooqi,0,0,,,,,,,,,
1384421,2023/24,2023-10-30,"Maharashtra Cricket Association Stadium, Pune",1,9.2,Sri Lanka,Afghanistan,BKG Mendis,P Nissanka,Fazalhaq Farooqi,1,0,,,,,,,,,
1384421,2023/24,2023-10-30,"Maharashtra Cricket Association Stadium, Pune",1,9.3,Sri Lanka,Afghanistan,P Nissanka,BKG Mendis,Fazalhaq Farooqi,4,0,,,,,,,,,
1384421,2023/24,2023-10-30,"Maharashtra Cricket Association Stadium, Pune",1,9.4,Sri Lanka,Afghanistan,P Nissanka,BKG Mendis,Fazalhaq Farooqi,0,0,,,,,,,,,
1384421,2023/24,2023-10-30,"Maharashtra Cricket Association Stadium, Pune",1,9.5,Sri Lanka,Afghanistan,P Nissanka,BKG Mendis,Fazalhaq Farooqi,2,0,,,,,,,,,
1384421,2023/24,2023-10-30,"Maharashtra Cricket Association Stadium, Pune",1,9.6,Sri Lanka,Afghanistan,P Nissanka,BKG Mendis,Fazalhaq Farooqi,0,0,,,,,,,,,
1384421,2023/24,2023-10-30,"Maharashtra Cricket Association Stadium, Pune",1,10.1,Sri Lanka,Afghanistan,BKG Mendis,P Nissanka,Naveen-ul-Haq,1,0,,,,,,,,,
1384421,2023/24,2023-10-30,"Maharashtra Cricket Association Stadium, Pune",1,10.2,Sri Lanka,Afghanistan,P Nissanka,BKG Mendis,Naveen-ul-Haq,0,0,,,,,,,,,
1384421,2023/24,2023-10-30,"Maharashtra Cricket Association Stadium, Pune",1,10.3,Sri Lanka,Afghanistan,P Nissanka,BKG Mendis,Naveen-ul-Haq,4,0,,,,,,,,,
1384421,2023/24,2023-10-30,"Maharashtra Cricket Association Stadium, Pune",1,10.4,Sri Lanka,Afghanistan,P Nissanka,BKG Mendis,Naveen-ul-Haq,1,0,,,,,,,,,
1384421,2023/24,2023-10-30,"Maharashtra Cricket Association Stadium, Pune",1,10.5,Sri Lanka,Afghanistan,BKG Mendis,P Nissanka,Naveen-ul-Haq,0,1,1,,,,,,,,
1384421,2023/24,2023-10-30,"Maharashtra Cricket Association Stadium, Pune",1,10.6,Sri Lanka,Afghanistan,BKG Mendis,P Nissanka,Naveen-ul-Haq,0,0,,,,,,,,,
1384421,2023/24,2023-10-30,"Maharashtra Cricket Association Stadium, Pune",1,10.7,Sri Lanka,Afghanistan,BKG Mendis,P Nissanka,Naveen-ul-Haq,0,0,,,,,,,,,
1384421,2023/24,2023-10-30,"Maharashtra Cricket Association Stadium, Pune",1,11.1,Sri Lanka,Afghanistan,P Nissanka,BKG Mendis,Azmatullah Omarzai,0,0,,,,,,,,,
1384421,2023/24,2023-10-30,"Maharashtra Cricket Association Stadium, Pune",1,11.2,Sri Lanka,Afghanistan,P Nissanka,BKG Mendis,Azmatullah Omarzai,1,0,,,,,,,,,
1384421,2023/24,2023-10-30,"Maharashtra Cricket Association Stadium, Pune",1,11.3,Sri Lanka,Afghanistan,BKG Mendis,P Nissanka,Azmatullah Omarzai,1,0,,,,,,,,,
1384421,2023/24,2023-10-30,"Maharashtra Cricket Association Stadium, Pune",1,11.4,Sri Lanka,Afghanistan,P Nissanka,BKG Mendis,Azmatullah Omarzai,0,0,,,,,,,,,
1384421,2023/24,2023-10-30,"Maharashtra Cricket Association Stadium, Pune",1,11.5,Sri Lanka,Afghanistan,P Nissanka,BKG Mendis,Azmatullah Omarzai,0,0,,,,,,,,,
1384421,2023/24,2023-10-30,"Maharashtra Cricket Association Stadium, Pune",1,11.6,Sri Lanka,Afghanistan,P Nissanka,BKG Mendis,Azmatullah Omarzai,0,0,,,,,,,,,
1384421,2023/24,2023-10-30,"Maharashtra Cricket Association Stadium, Pune",1,12.1,Sri Lanka,Afghanistan,BKG Mendis,P Nissanka,Naveen-ul-Haq,1,0,,,,,,,,,
1384421,2023/24,2023-10-30,"Maharashtra Cricket Association Stadium, Pune",1,12.2,Sri Lanka,Afghanistan,P Nissanka,BKG Mendis,Naveen-ul-Haq,4,0,,,,,,,,,
1384421,2023/24,2023-10-30,"Maharashtra Cricket Association Stadium, Pune",1,12.3,Sri Lanka,Afghanistan,P Nissanka,BKG Mendis,Naveen-ul-Haq,0,0,,,,,,,,,
1384421,2023/24,2023-10-30,"Maharashtra Cricket Association Stadium, Pune",1,12.4,Sri Lanka,Afghanistan,P Nissanka,BKG Mendis,Naveen-ul-Haq,1,0,,,,,,,,,
1384421,2023/24,2023-10-30,"Maharashtra Cricket Association Stadium, Pune",1,12.5,Sri Lanka,Afghanistan,BKG Mendis,P Nissanka,Naveen-ul-Haq,1,0,,,,,,,,,
1384421,2023/24,2023-10-30,"Maharashtra Cricket Association Stadium, Pune",1,12.6,Sri Lanka,Afghanistan,P Nissanka,BKG Mendis,Naveen-ul-Haq,1,0,,,,,,,,,
1384421,2023/24,2023-10-30,"Maharashtra Cricket Association Stadium, Pune",1,13.1,Sri Lanka,Afghanistan,P Nissanka,BKG Mendis,Azmatullah Omarzai,0,0,,,,,,,,,
1384421,2023/24,2023-10-30,"Maharashtra Cricket Association Stadium, Pune",1,13.2,Sri Lanka,Afghanistan,P Nissanka,BKG Mendis,Azmatullah Omarzai,0,0,,,,,,,,,
1384421,2023/24,2023-10-30,"Maharashtra Cricket Association Stadium, Pune",1,13.3,Sri Lanka,Afghanistan,P Nissanka,BKG Mendis,Azmatullah Omarzai,0,0,,,,,,,,,
1384421,2023/24,2023-10-30,"Maharashtra Cricket Association Stadium, Pune",1,13.4,Sri Lanka,Afghanistan,P Nissanka,BKG Mendis,Azmatullah Omarzai,0,0,,,,,,,,,
1384421,2023/24,2023-10-30,"Maharashtra Cricket Association Stadium, Pune",1,13.5,Sri Lanka,Afghanistan,P Nissanka,BKG Mendis,Azmatullah Omarzai,1,0,,,,,,,,,
1384421,2023/24,2023-10-30,"Maharashtra Cricket Association Stadium, Pune",1,13.6,Sri Lanka,Afghanistan,BKG Mendis,P Nissanka,Azmatullah Omarzai,0,0,,,,,,,,,
1384421,2023/24,2023-10-30,"Maharashtra Cricket Association Stadium, Pune",1,14.1,Sri Lanka,Afghanistan,P Nissanka,BKG Mendis,Naveen-ul-Haq,0,0,,,,,,,,,
1384421,2023/24,2023-10-30,"Maharashtra Cricket Association Stadium, Pune",1,14.2,Sri Lanka,Afghanistan,P Nissanka,BKG Mendis,Naveen-ul-Haq,1,0,,,,,,,,,
1384421,2023/24,2023-10-30,"Maharashtra Cricket Association Stadium, Pune",1,14.3,Sri Lanka,Afghanistan,BKG Mendis,P Nissanka,Naveen-ul-Haq,4,0,,,,,,,,,
1384421,2023/24,2023-10-30,"Maharashtra Cricket Association Stadium, Pune",1,14.4,Sri Lanka,Afghanistan,BKG Mendis,P Nissanka,Naveen-ul-Haq,0,0,,,,,,,,,
1384421,2023/24,2023-10-30,"Maharashtra Cricket Association Stadium, Pune",1,14.5,Sri Lanka,Afghanistan,BKG Mendis,P Nissanka,Naveen-ul-Haq,0,0,,,,,,,,,
1384421,2023/24,2023-10-30,"Maharashtra Cricket Association Stadium, Pune",1,14.6,Sri Lanka,Afghanistan,BKG Mendis,P Nissanka,Naveen-ul-Haq,2,0,,,,,,,,,
1384421,2023/24,2023-10-30,"Maharashtra Cricket Association Stadium, Pune",1,15.1,Sri Lanka,Afghanistan,P Nissanka,BKG Mendis,Rashid Khan,1,0,,,,,,,,,
1384421,2023/24,2023-10-30,"Maharashtra Cricket Association Stadium, Pune",1,15.2,Sri Lanka,Afghanistan,BKG Mendis,P Nissanka,Rashid Khan,1,0,,,,,,,,,
1384421,2023/24,2023-10-30,"Maharashtra Cricket Association Stadium, Pune",1,15.3,Sri Lanka,Afghanistan,P Nissanka,BKG Mendis,Rashid Khan,2,0,,,,,,,,,
1384421,2023/24,2023-10-30,"Maharashtra Cricket Association Stadium, Pune",1,15.4,Sri Lanka,Afghanistan,P Nissanka,BKG Mendis,Rashid Khan,0,0,,,,,,,,,
1384421,2023/24,2023-10-30,"Maharashtra Cricket Association Stadium, Pune",1,15.5,Sri Lanka,Afghanistan,P Nissanka,BKG Mendis,Rashid Khan,0,0,,,,,,,,,
1384421,2023/24,2023-10-30,"Maharashtra Cricket Association Stadium, Pune",1,15.6,Sri Lanka,Afghanistan,P Nissanka,BKG Mendis,Rashid Khan,1,0,,,,,,,,,
1384421,2023/24,2023-10-30,"Maharashtra Cricket Association Stadium, Pune",1,16.1,Sri Lanka,Afghanistan,P Nissanka,BKG Mendis,Azmatullah Omarzai,1,0,,,,,,,,,
1384421,2023/24,2023-10-30,"Maharashtra Cricket Association Stadium, Pune",1,16.2,Sri Lanka,Afghanistan,BKG Mendis,P Nissanka,Azmatullah Omarzai,0,0,,,,,,,,,
1384421,2023/24,2023-10-30,"Maharashtra Cricket Association Stadium, Pune",1,16.3,Sri Lanka,Afghanistan,BKG Mendis,P Nissanka,Azmatullah Omarzai,0,1,1,,,,,,,,
1384421,2023/24,2023-10-30,"Maharashtra Cricket Association Stadium, Pune",1,16.4,Sri Lanka,Afghanistan,BKG Mendis,P Nissanka,Azmatullah Omarzai,4,0,,,,,,,,,
1384421,2023/24,2023-10-30,"Maharashtra Cricket Association Stadium, Pune",1,16.5,Sri Lanka,Afghanistan,BKG Mendis,P Nissanka,Azmatullah Omarzai,2,0,,,,,,,,,
1384421,2023/24,2023-10-30,"Maharashtra Cricket Association Stadium, Pune",1,16.6,Sri Lanka,Afghanistan,BKG Mendis,P Nissanka,Azmatullah Omarzai,1,0,,,,,,,,,
1384421,2023/24,2023-10-30,"Maharashtra Cricket Association Stadium, Pune",1,16.7,Sri Lanka,Afghanistan,P Nissanka,BKG Mendis,Azmatullah Omarzai,1,0,,,,,,,,,
1384421,2023/24,2023-10-30,"Maharashtra Cricket Association Stadium, Pune",1,17.1,Sri Lanka,Afghanistan,P Nissanka,BKG Mendis,Rashid Khan,1,0,,,,,,,,,
1384421,2023/24,2023-10-30,"Maharashtra Cricket Association Stadium, Pune",1,17.2,Sri Lanka,Afghanistan,BKG Mendis,P Nissanka,Rashid Khan,1,0,,,,,,,,,
1384421,2023/24,2023-10-30,"Maharashtra Cricket Association Stadium, Pune",1,17.3,Sri Lanka,Afghanistan,P Nissanka,BKG Mendis,Rashid Khan,0,0,,,,,,,,,
1384421,2023/24,2023-10-30,"Maharashtra Cricket Association Stadium, Pune",1,17.4,Sri Lanka,Afghanistan,P Nissanka,BKG Mendis,Rashid Khan,0,0,,,,,,,,,
1384421,2023/24,2023-10-30,"Maharashtra Cricket Association Stadium, Pune",1,17.5,Sri Lanka,Afghanistan,P Nissanka,BKG Mendis,Rashid Khan,1,0,,,,,,,,,
1384421,2023/24,2023-10-30,"Maharashtra Cricket Association Stadium, Pune",1,17.6,Sri Lanka,Afghanistan,BKG Mendis,P Nissanka,Rashid Khan,0,0,,,,,,,,,
1384421,2023/24,2023-10-30,"Maharashtra Cricket Association Stadium, Pune",1,18.1,Sri Lanka,Afghanistan,P Nissanka,BKG Mendis,Azmatullah Omarzai,0,0,,,,,,caught,P Nissanka,,
1384421,2023/24,2023-10-30,"Maharashtra Cricket Association Stadium, Pune",1,18.2,Sri Lanka,Afghanistan,S Samarawickrama,BKG Mendis,Azmatullah Omarzai,0,0,,,,,,,,,
1384421,2023/24,2023-10-30,"Maharashtra Cricket Association Stadium, Pune",1,18.3,Sri Lanka,Afghanistan,S Samarawickrama,BKG Mendis,Azmatullah Omarzai,0,0,,,,,,,,,
1384421,2023/24,2023-10-30,"Maharashtra Cricket Association Stadium, Pune",1,18.4,Sri Lanka,Afghanistan,S Samarawickrama,BKG Mendis,Azmatullah Omarzai,0,0,,,,,,,,,
1384421,2023/24,2023-10-30,"Maharashtra Cricket Association Stadium, Pune",1,18.5,Sri Lanka,Afghanistan,S Samarawickrama,BKG Mendis,Azmatullah Omarzai,0,0,,,,,,,,,
1384421,2023/24,2023-10-30,"Maharashtra Cricket Association Stadium, Pune",1,18.6,Sri Lanka,Afghanistan,S Samarawickrama,BKG Mendis,Azmatullah Omarzai,1,0,,,,,,,,,
1384421,2023/24,2023-10-30,"Maharashtra Cricket Association Stadium, Pune",1,19.1,Sri Lanka,Afghanistan,S Samarawickrama,BKG Mendis,Rashid Khan,0,0,,,,,,,,,
1384421,2023/24,2023-10-30,"Maharashtra Cricket Association Stadium, Pune",1,19.2,Sri Lanka,Afghanistan,S Samarawickrama,BKG Mendis,Rashid Khan,0,0,,,,,,,,,
1384421,2023/24,2023-10-30,"Maharashtra Cricket Association Stadium, Pune",1,19.3,Sri Lanka,Afghanistan,S Samarawickrama,BKG Mendis,Rashid Khan,0,0,,,,,,,,,
1384421,2023/24,2023-10-30,"Maharashtra Cricket Association Stadium, Pune",1,19.4,Sri Lanka,Afghanistan,S Samarawickrama,BKG Mendis,Rashid Khan,0,0,,,,,,,,,
1384421,2023/24,2023-10-30,"Maharashtra Cricket Association Stadium, Pune",1,19.5,Sri Lanka,Afghanistan,S Samarawickrama,BKG Mendis,Rashid Khan,1,0,,,,,,,,,
1384421,2023/24,2023-10-30,"Maharashtra Cricket Association Stadium, Pune",1,19.6,Sri Lanka,Afghanistan,BKG Mendis,S Samarawickrama,Rashid Khan,1,0,,,,,,,,,
1384421,2023/24,2023-10-30,"Maharashtra Cricket Association Stadium, Pune",1,20.1,Sri Lanka,Afghanistan,BKG Mendis,S Samarawickrama,Azmatullah Omarzai,1,0,,,,,,,,,
1384421,2023/24,2023-10-30,"Maharashtra Cricket Association Stadium, Pune",1,20.2,Sri Lanka,Afghanistan,S Samarawickrama,BKG Mendis,Azmatullah Omarzai,1,0,,,,,,,,,
1384421,2023/24,2023-10-30,"Maharashtra Cricket Association Stadium, Pune",1,20.3,Sri Lanka,Afghanistan,BKG Mendis,S Samarawickrama,Azmatullah Omarzai,1,0,,,,,,,,,
1384421,2023/24,2023-10-30,"Maharashtra Cricket Association Stadium, Pune",1,20.4,Sri Lanka,Afghanistan,S Samarawickrama,BKG Mendis,Azmatullah Omarzai,4,0,,,,,,,,,
1384421,2023/24,2023-10-30,"Maharashtra Cricket Association Stadium, Pune",1,20.5,Sri Lanka,Afghanistan,S Samarawickrama,BKG Mendis,Azmatullah Omarzai,0,0,,,,,,,,,
1384421,2023/24,2023-10-30,"Maharashtra Cricket Association Stadium, Pune",1,20.6,Sri Lanka,Afghanistan,S Samarawickrama,BKG Mendis,Azmatullah Omarzai,4,0,,,,,,,,,
1384421,2023/24,2023-10-30,"Maharashtra Cricket Association Stadium, Pune",1,21.1,Sri Lanka,Afghanistan,BKG Mendis,S Samarawickrama,Rashid Khan,1,0,,,,,,,,,
1384421,2023/24,2023-10-30,"Maharashtra Cricket Association Stadium, Pune",1,21.2,Sri Lanka,Afghanistan,S Samarawickrama,BKG Mendis,Rashid Khan,1,0,,,,,,,,,
1384421,2023/24,2023-10-30,"Maharashtra Cricket Association Stadium, Pune",1,21.3,Sri Lanka,Afghanistan,BKG Mendis,S Samarawickrama,Rashid Khan,1,0,,,,,,,,,
1384421,2023/24,2023-10-30,"Maharashtra Cricket Association Stadium, Pune",1,21.4,Sri Lanka,Afghanistan,S Samarawickrama,BKG Mendis,Rashid Khan,0,0,,,,,,,,,
1384421,2023/24,2023-10-30,"Maharashtra Cricket Association Stadium, Pune",1,21.5,Sri Lanka,Afghanistan,S Samarawickrama,BKG Mendis,Rashid Khan,1,0,,,,,,,,,
1384421,2023/24,2023-10-30,"Maharashtra Cricket Association Stadium, Pune",1,21.6,Sri Lanka,Afghanistan,BKG Mendis,S Samarawickrama,Rashid Khan,4,0,,,,,,,,,
1384421,2023/24,2023-10-30,"Maharashtra Cricket Association Stadium, Pune",1,22.1,Sri Lanka,Afghanistan,S Samarawickrama,BKG Mendis,Mohammad Nabi,1,0,,,,,,,,,
1384421,2023/24,2023-10-30,"Maharashtra Cricket Association Stadium, Pune",1,22.2,Sri Lanka,Afghanistan,BKG Mendis,S Samarawickrama,Mohammad Nabi,1,0,,,,,,,,,
1384421,2023/24,2023-10-30,"Maharashtra Cricket Association Stadium, Pune",1,22.3,Sri Lanka,Afghanistan,S Samarawickrama,BKG Mendis,Mohammad Nabi,1,0,,,,,,,,,
1384421,2023/24,2023-10-30,"Maharashtra Cricket Association Stadium, Pune",1,22.4,Sri Lanka,Afghanistan,BKG Mendis,S Samarawickrama,Mohammad Nabi,1,0,,,,,,,,,
1384421,2023/24,2023-10-30,"Maharashtra Cricket Association Stadium, Pune",1,22.5,Sri Lanka,Afghanistan,S Samarawickrama,BKG Mendis,Mohammad Nabi,4,0,,,,,,,,,
1384421,2023/24,2023-10-30,"Maharashtra Cricket Association Stadium, Pune",1,22.6,Sri Lanka,Afghanistan,S Samarawickrama,BKG Mendis,Mohammad Nabi,1,0,,,,,,,,,
1384421,2023/24,2023-10-30,"Maharashtra Cricket Association Stadium, Pune",1,23.1,Sri Lanka,Afghanistan,S Samarawickrama,BKG Mendis,Mujeeb Ur Rahman,1,0,,,,,,,,,
1384421,2023/24,2023-10-30,"Maharashtra Cricket Association Stadium, Pune",1,23.2,Sri Lanka,Afghanistan,BKG Mendis,S Samarawickrama,Mujeeb Ur Rahman,0,0,,,,,,,,,
1384421,2023/24,2023-10-30,"Maharashtra Cricket Association Stadium, Pune",1,23.3,Sri Lanka,Afghanistan,BKG Mendis,S Samarawickrama,Mujeeb Ur Rahman,1,0,,,,,,,,,
1384421,2023/24,2023-10-30,"Maharashtra Cricket Association Stadium, Pune",1,23.4,Sri Lanka,Afghanistan,S Samarawickrama,BKG Mendis,Mujeeb Ur Rahman,0,0,,,,,,,,,
1384421,2023/24,2023-10-30,"Maharashtra Cricket Association Stadium, Pune",1,23.5,Sri Lanka,Afghanistan,S Samarawickrama,BKG Mendis,Mujeeb Ur Rahman,1,0,,,,,,,,,
1384421,2023/24,2023-10-30,"Maharashtra Cricket Association Stadium, Pune",1,23.6,Sri Lanka,Afghanistan,BKG Mendis,S Samarawickrama,Mujeeb Ur Rahman,1,0,,,,,,,,,
1384421,2023/24,2023-10-30,"Maharashtra Cricket Association Stadium, Pune",1,24.1,Sri Lanka,Afghanistan,BKG Mendis,S Samarawickrama,Mohammad Nabi,1,0,,,,,,,,,
1384421,2023/24,2023-10-30,"Maharashtra Cricket Association Stadium, Pune",1,24.2,Sri Lanka,Afghanistan,S Samarawickrama,BKG Mendis,Mohammad Nabi,2,0,,,,,,,,,
1384421,2023/24,2023-10-30,"Maharashtra Cricket Association Stadium, Pune",1,24.3,Sri Lanka,Afghanistan,S Samarawickrama,BKG Mendis,Mohammad Nabi,0,0,,,,,,,,,
1384421,2023/24,2023-10-30,"Maharashtra Cricket Association Stadium, Pune",1,24.4,Sri Lanka,Afghanistan,S Samarawickrama,BKG Mendis,Mohammad Nabi,0,0,,,,,,,,,
1384421,2023/24,2023-10-30,"Maharashtra Cricket Association Stadium, Pune",1,24.5,Sri Lanka,Afghanistan,S Samarawickrama,BKG Mendis,Mohammad Nabi,2,0,,,,,,,,,
1384421,2023/24,2023-10-30,"Maharashtra Cricket Association Stadium, Pune",1,24.6,Sri Lanka,Afghanistan,S Samarawickrama,BKG Mendis,Mohammad Nabi,1,0,,,,,,,,,
1384421,2023/24,2023-10-30,"Maharashtra Cricket Association Stadium, Pune",1,25.1,Sri Lanka,Afghanistan,S Samarawickrama,BKG Mendis,Mujeeb Ur Rahman,1,0,,,,,,,,,
1384421,2023/24,2023-10-30,"Maharashtra Cricket Association Stadium, Pune",1,25.2,Sri Lanka,Afghanistan,BKG Mendis,S Samarawickrama,Mujeeb Ur Rahman,0,0,,,,,,,,,
1384421,2023/24,2023-10-30,"Maharashtra Cricket Association Stadium, Pune",1,25.3,Sri Lanka,Afghanistan,BKG Mendis,S Samarawickrama,Mujeeb Ur Rahman,1,0,,,,,,,,,
1384421,2023/24,2023-10-30,"Maharashtra Cricket Association Stadium, Pune",1,25.4,Sri Lanka,Afghanistan,S Samarawickrama,BKG Mendis,Mujeeb Ur Rahman,0,0,,,,,,,,,
1384421,2023/24,2023-10-30,"Maharashtra Cricket Association Stadium, Pune",1,25.5,Sri Lanka,Afghanistan,S Samarawickrama,BKG Mendis,Mujeeb Ur Rahman,1,0,,,,,,,,,
1384421,2023/24,2023-10-30,"Maharashtra Cricket Association Stadium, Pune",1,25.6,Sri Lanka,Afghanistan,BKG Mendis,S Samarawickrama,Mujeeb Ur Rahman,1,0,,,,,,,,,
1384421,2023/24,2023-10-30,"Maharashtra Cricket Association Stadium, Pune",1,26.1,Sri Lanka,Afghanistan,BKG Mendis,S Samarawickrama,Mohammad Nabi,0,0,,,,,,,,,
1384421,2023/24,2023-10-30,"Maharashtra Cricket Association Stadium, Pune",1,26.2,Sri Lanka,Afghanistan,BKG Mendis,S Samarawickrama,Mohammad Nabi,0,0,,,,,,,,,
1384421,2023/24,2023-10-30,"Maharashtra Cricket Association Stadium, Pune",1,26.3,Sri Lanka,Afghanistan,BKG Mendis,S Samarawickrama,Mohammad Nabi,0,0,,,,,,,,,
1384421,2023/24,2023-10-30,"Maharashtra Cricket Association Stadium, Pune",1,26.4,Sri Lanka,Afghanistan,BKG Mendis,S Samarawickrama,Mohammad Nabi,0,0,,,,,,,,,
1384421,2023/24,2023-10-30,"Maharashtra Cricket Association Stadium, Pune",1,26.5,Sri Lanka,Afghanistan,BKG Mendis,S Samarawickrama,Mohammad Nabi,1,0,,,,,,,,,
1384421,2023/24,2023-10-30,"Maharashtra Cricket Association Stadium, Pune",1,26.6,Sri Lanka,Afghanistan,S Samarawickrama,BKG Mendis,Mohammad Nabi,1,0,,,,,,,,,
1384421,2023/24,2023-10-30,"Maharashtra Cricket Association Stadium, Pune",1,27.1,Sri Lanka,Afghanistan,S Samarawickrama,BKG Mendis,Mujeeb Ur Rahman,1,0,,,,,,,,,
1384421,2023/24,2023-10-30,"Maharashtra Cricket Association Stadium, Pune",1,27.2,Sri Lanka,Afghanistan,BKG Mendis,S Samarawickrama,Mujeeb Ur Rahman,1,0,,,,,,,,,
1384421,2023/24,2023-10-30,"Maharashtra Cricket Association Stadium, Pune",1,27.3,Sri Lanka,Afghanistan,S Samarawickrama,BKG Mendis,Mujeeb Ur Rahman,1,0,,,,,,,,,
1384421,2023/24,2023-10-30,"Maharashtra Cricket Association Stadium, Pune",1,27.4,Sri Lanka,Afghanistan,BKG Mendis,S Samarawickrama,Mujeeb Ur Rahman,0,0,,,,,,caught,BKG Mendis,,
1384421,2023/24,2023-10-30,"Maharashtra Cricket Association Stadium, Pune",1,27.5,Sri Lanka,Afghanistan,KIC Asalanka,S Samarawickrama,Mujeeb Ur Rahman,0,0,,,,,,,,,
1384421,2023/24,2023-10-30,"Maharashtra Cricket Association Stadium, Pune",1,27.6,Sri Lanka,Afghanistan,KIC Asalanka,S Samarawickrama,Mujeeb Ur Rahman,0,0,,,,,,,,,
1384421,2023/24,2023-10-30,"Maharashtra Cricket Association Stadium, Pune",1,28.1,Sri Lanka,Afghanistan,S Samarawickrama,KIC Asalanka,Mohammad Nabi,0,0,,,,,,,,,
1384421,2023/24,2023-10-30,"Maharashtra Cricket Association Stadium, Pune",1,28.2,Sri Lanka,Afghanistan,S Samarawickrama,KIC Asalanka,Mohammad Nabi,1,0,,,,,,,,,
1384421,2023/24,2023-10-30,"Maharashtra Cricket Association Stadium, Pune",1,28.3,Sri Lanka,Afghanistan,KIC Asalanka,S Samarawickrama,Mohammad Nabi,0,0,,,,,,,,,
1384421,2023/24,2023-10-30,"Maharashtra Cricket Association Stadium, Pune",1,28.4,Sri Lanka,Afghanistan,KIC Asalanka,S Samarawickrama,Mohammad Nabi,1,0,,,,,,,,,
1384421,2023/24,2023-10-30,"Maharashtra Cricket Association Stadium, Pune",1,28.5,Sri Lanka,Afghanistan,S Samarawickrama,KIC Asalanka,Mohammad Nabi,2,0,,,,,,,,,
1384421,2023/24,2023-10-30,"Maharashtra Cricket Association Stadium, Pune",1,28.6,Sri Lanka,Afghanistan,S Samarawickrama,KIC Asalanka,Mohammad Nabi,1,0,,,,,,,,,
1384421,2023/24,2023-10-30,"Maharashtra Cricket Association Stadium, Pune",1,29.1,Sri Lanka,Afghanistan,S Samarawickrama,KIC Asalanka,Mujeeb Ur Rahman,0,0,,,,,,lbw,S Samarawickrama,,
1384421,2023/24,2023-10-30,"Maharashtra Cricket Association Stadium, Pune",1,29.2,Sri Lanka,Afghanistan,DM de Silva,KIC Asalanka,Mujeeb Ur Rahman,0,0,,,,,,,,,
1384421,2023/24,2023-10-30,"Maharashtra Cricket Association Stadium, Pune",1,29.3,Sri Lanka,Afghanistan,DM de Silva,KIC Asalanka,Mujeeb Ur Rahman,0,0,,,,,,,,,
1384421,2023/24,2023-10-30,"Maharashtra Cricket Association Stadium, Pune",1,29.4,Sri Lanka,Afghanistan,DM de Silva,KIC Asalanka,Mujeeb Ur Rahman,4,0,,,,,,,,,
1384421,2023/24,2023-10-30,"Maharashtra Cricket Association Stadium, Pune",1,29.5,Sri Lanka,Afghanistan,DM de Silva,KIC Asalanka,Mujeeb Ur Rahman,1,0,,,,,,,,,
1384421,2023/24,2023-10-30,"Maharashtra Cricket Association Stadium, Pune",1,29.6,Sri Lanka,Afghanistan,KIC Asalanka,DM de Silva,Mujeeb Ur Rahman,0,0,,,,,,,,,
1384421,2023/24,2023-10-30,"Maharashtra Cricket Association Stadium, Pune",1,30.1,Sri Lanka,Afghanistan,DM de Silva,KIC Asalanka,Mohammad Nabi,1,0,,,,,,,,,
1384421,2023/24,2023-10-30,"Maharashtra Cricket Association Stadium, Pune",1,30.2,Sri Lanka,Afghanistan,KIC Asalanka,DM de Silva,Mohammad Nabi,1,0,,,,,,,,,
1384421,2023/24,2023-10-30,"Maharashtra Cricket Association Stadium, Pune",1,30.3,Sri Lanka,Afghanistan,DM de Silva,KIC Asalanka,Mohammad Nabi,1,0,,,,,,,,,
1384421,2023/24,2023-10-30,"Maharashtra Cricket Association Stadium, Pune",1,30.4,Sri Lanka,Afghanistan,KIC Asalanka,DM de Silva,Mohammad Nabi,1,0,,,,,,,,,
1384421,2023/24,2023-10-30,"Maharashtra Cricket Association Stadium, Pune",1,30.5,Sri Lanka,Afghanistan,DM de Silva,KIC Asalanka,Mohammad Nabi,1,0,,,,,,,,,
1384421,2023/24,2023-10-30,"Maharashtra Cricket Association Stadium, Pune",1,30.6,Sri Lanka,Afghanistan,KIC Asalanka,DM de Silva,Mohammad Nabi,0,0,,,,,,,,,
1384421,2023/24,2023-10-30,"Maharashtra Cricket Association Stadium, Pune",1,31.1,Sri Lanka,Afghanistan,DM de Silva,KIC Asalanka,Mujeeb Ur Rahman,0,0,,,,,,,,,
1384421,2023/24,2023-10-30,"Maharashtra Cricket Association Stadium, Pune",1,31.2,Sri Lanka,Afghanistan,DM de Silva,KIC Asalanka,Mujeeb Ur Rahman,0,0,,,,,,,,,
1384421,2023/24,2023-10-30,"Maharashtra Cricket Association Stadium, Pune",1,31.3,Sri Lanka,Afghanistan,DM de Silva,KIC Asalanka,Mujeeb Ur Rahman,1,0,,,,,,,,,
1384421,2023/24,2023-10-30,"Maharashtra Cricket Association Stadium, Pune",1,31.4,Sri Lanka,Afghanistan,KIC Asalanka,DM de Silva,Mujeeb Ur Rahman,1,0,,,,,,,,,
1384421,2023/24,2023-10-30,"Maharashtra Cricket Association Stadium, Pune",1,31.5,Sri Lanka,Afghanistan,DM de Silva,KIC Asalanka,Mujeeb Ur Rahman,0,0,,,,,,,,,
1384421,2023/24,2023-10-30,"Maharashtra Cricket Association Stadium, Pune",1,31.6,Sri Lanka,Afghanistan,DM de Silva,KIC Asalanka,Mujeeb Ur Rahman,0,0,,,,,,,,,
1384421,2023/24,2023-10-30,"Maharashtra Cricket Association Stadium, Pune",1,32.1,Sri Lanka,Afghanistan,KIC Asalanka,DM de Silva,Mohammad Nabi,3,0,,,,,,,,,
1384421,2023/24,2023-10-30,"Maharashtra Cricket Association Stadium, Pune",1,32.2,Sri Lanka,Afghanistan,DM de Silva,KIC Asalanka,Mohammad Nabi,0,0,,,,,,,,,
1384421,2023/24,2023-10-30,"Maharashtra Cricket Association Stadium, Pune",1,32.3,Sri Lanka,Afghanistan,DM de Silva,KIC Asalanka,Mohammad Nabi,1,0,,,,,,,,,
1384421,2023/24,2023-10-30,"Maharashtra Cricket Association Stadium, Pune",1,32.4,Sri Lanka,Afghanistan,KIC Asalanka,DM de Silva,Mohammad Nabi,1,0,,,,,,,,,
1384421,2023/24,2023-10-30,"Maharashtra Cricket Association Stadium, Pune",1,32.5,Sri Lanka,Afghanistan,DM de Silva,KIC Asalanka,Mohammad Nabi,1,0,,,,,,,,,
1384421,2023/24,2023-10-30,"Maharashtra Cricket Association Stadium, Pune",1,32.6,Sri Lanka,Afghanistan,KIC Asalanka,DM de Silva,Mohammad Nabi,0,0,,,,,,,,,
1384421,2023/24,2023-10-30,"Maharashtra Cricket Association Stadium, Pune",1,33.1,Sri Lanka,Afghanistan,DM de Silva,KIC Asalanka,Rashid Khan,0,0,,,,,,,,,
1384421,2023/24,2023-10-30,"Maharashtra Cricket Association Stadium, Pune",1,33.2,Sri Lanka,Afghanistan,DM de Silva,KIC Asalanka,Rashid Khan,1,0,,,,,,,,,
1384421,2023/24,2023-10-30,"Maharashtra Cricket Association Stadium, Pune",1,33.3,Sri Lanka,Afghanistan,KIC Asalanka,DM de Silva,Rashid Khan,0,0,,,,,,,,,
1384421,2023/24,2023-10-30,"Maharashtra Cricket Association Stadium, Pune",1,33.4,Sri Lanka,Afghanistan,KIC Asalanka,DM de Silva,Rashid Khan,4,0,,,,,,,,,
1384421,2023/24,2023-10-30,"Maharashtra Cricket Association Stadium, Pune",1,33.5,Sri Lanka,Afghanistan,KIC Asalanka,DM de Silva,Rashid Khan,1,0,,,,,,,,,
1384421,2023/24,2023-10-30,"Maharashtra Cricket Association Stadium, Pune",1,33.6,Sri Lanka,Afghanistan,DM de Silva,KIC Asalanka,Rashid Khan,0,0,,,,,,,,,
1384421,2023/24,2023-10-30,"Maharashtra Cricket Association Stadium, Pune",1,34.1,Sri Lanka,Afghanistan,KIC Asalanka,DM de Silva,Fazalhaq Farooqi,0,0,,,,,,,,,
1384421,2023/24,2023-10-30,"Maharashtra Cricket Association Stadium, Pune",1,34.2,Sri Lanka,Afghanistan,KIC Asalanka,DM de Silva,Fazalhaq Farooqi,0,0,,,,,,,,,
1384421,2023/24,2023-10-30,"Maharashtra Cricket Association Stadium, Pune",1,34.3,Sri Lanka,Afghanistan,KIC Asalanka,DM de Silva,Fazalhaq Farooqi,1,0,,,,,,,,,
1384421,2023/24,2023-10-30,"Maharashtra Cricket Association Stadium, Pune",1,34.4,Sri Lanka,Afghanistan,DM de Silva,KIC Asalanka,Fazalhaq Farooqi,0,0,,,,,,,,,
1384421,2023/24,2023-10-30,"Maharashtra Cricket Association Stadium, Pune",1,34.5,Sri Lanka,Afghanistan,DM de Silva,KIC Asalanka,Fazalhaq Farooqi,0,0,,,,,,,,,
1384421,2023/24,2023-10-30,"Maharashtra Cricket Association Stadium, Pune",1,34.6,Sri Lanka,Afghanistan,DM de Silva,KIC Asalanka,Fazalhaq Farooqi,2,0,,,,,,,,,
1384421,2023/24,2023-10-30,"Maharashtra Cricket Association Stadium, Pune",1,35.1,Sri Lanka,Afghanistan,KIC Asalanka,DM de Silva,Rashid Khan,1,0,,,,,,,,,
1384421,2023/24,2023-10-30,"Maharashtra Cricket Association Stadium, Pune",1,35.2,Sri Lanka,Afghanistan,DM de Silva,KIC Asalanka,Rashid Khan,0,0,,,,,,,,,
1384421,2023/24,2023-10-30,"Maharashtra Cricket Association Stadium, Pune",1,35.3,Sri Lanka,Afghanistan,DM de Silva,KIC Asalanka,Rashid Khan,0,0,,,,,,,,,
1384421,2023/24,2023-10-30,"Maharashtra Cricket Association Stadium, Pune",1,35.4,Sri Lanka,Afghanistan,DM de Silva,KIC Asalanka,Rashid Khan,0,0,,,,,,,,,
1384421,2023/24,2023-10-30,"Maharashtra Cricket Association Stadium, Pune",1,35.5,Sri Lanka,Afghanistan,DM de Silva,KIC Asalanka,Rashid Khan,0,0,,,,,,,,,
1384421,2023/24,2023-10-30,"Maharashtra Cricket Association Stadium, Pune",1,35.6,Sri Lanka,Afghanistan,DM de Silva,KIC Asalanka,Rashid Khan,0,0,,,,,,bowled,DM de Silva,,
1384421,2023/24,2023-10-30,"Maharashtra Cricket Association Stadium, Pune",1,36.1,Sri Lanka,Afghanistan,KIC Asalanka,AD Mathews,Fazalhaq Farooqi,1,0,,,,,,,,,
1384421,2023/24,2023-10-30,"Maharashtra Cricket Association Stadium, Pune",1,36.2,Sri Lanka,Afghanistan,AD Mathews,KIC Asalanka,Fazalhaq Farooqi,0,0,,,,,,,,,
1384421,2023/24,2023-10-30,"Maharashtra Cricket Association Stadium, Pune",1,36.3,Sri Lanka,Afghanistan,AD Mathews,KIC Asalanka,Fazalhaq Farooqi,0,0,,,,,,,,,
1384421,2023/24,2023-10-30,"Maharashtra Cricket Association Stadium, Pune",1,36.4,Sri Lanka,Afghanistan,AD Mathews,KIC Asalanka,Fazalhaq Farooqi,0,0,,,,,,,,,
1384421,2023/24,2023-10-30,"Maharashtra Cricket Association Stadium, Pune",1,36.5,Sri Lanka,Afghanistan,AD Mathews,KIC Asalanka,Fazalhaq Farooqi,0,0,,,,,,,,,
1384421,2023/24,2023-10-30,"Maharashtra Cricket Association Stadium, Pune",1,36.6,Sri Lanka,Afghanistan,AD Mathews,KIC Asalanka,Fazalhaq Farooqi,0,0,,,,,,,,,
1384421,2023/24,2023-10-30,"Maharashtra Cricket Association Stadium, Pune",1,37.1,Sri Lanka,Afghanistan,KIC Asalanka,AD Mathews,Rashid Khan,4,0,,,,,,,,,
1384421,2023/24,2023-10-30,"Maharashtra Cricket Association Stadium, Pune",1,37.2,Sri Lanka,Afghanistan,KIC Asalanka,AD Mathews,Rashid Khan,0,5,5,,,,,,,,
1384421,2023/24,2023-10-30,"Maharashtra Cricket Association Stadium, Pune",1,37.3,Sri Lanka,Afghanistan,KIC Asalanka,AD Mathews,Rashid Khan,1,0,,,,,,,,,
1384421,2023/24,2023-10-30,"Maharashtra Cricket Association Stadium, Pune",1,37.4,Sri Lanka,Afghanistan,AD Mathews,KIC Asalanka,Rashid Khan,0,0,,,,,,,,,
1384421,2023/24,2023-10-30,"Maharashtra Cricket Association Stadium, Pune",1,37.5,Sri Lanka,Afghanistan,AD Mathews,KIC Asalanka,Rashid Khan,0,0,,,,,,,,,
1384421,2023/24,2023-10-30,"Maharashtra Cricket Association Stadium, Pune",1,37.6,Sri Lanka,Afghanistan,AD Mathews,KIC Asalanka,Rashid Khan,1,0,,,,,,,,,
1384421,2023/24,2023-10-30,"Maharashtra Cricket Association Stadium, Pune",1,37.7,Sri Lanka,Afghanistan,KIC Asalanka,AD Mathews,Rashid Khan,1,0,,,,,,,,,
1384421,2023/24,2023-10-30,"Maharashtra Cricket Association Stadium, Pune",1,38.1,Sri Lanka,Afghanistan,KIC Asalanka,AD Mathews,Fazalhaq Farooqi,0,0,,,,,,,,,
1384421,2023/24,2023-10-30,"Maharashtra Cricket Association Stadium, Pune",1,38.2,Sri Lanka,Afghanistan,KIC Asalanka,AD Mathews,Fazalhaq Farooqi,0,0,,,,,,,,,
1384421,2023/24,2023-10-30,"Maharashtra Cricket Association Stadium, Pune",1,38.3,Sri Lanka,Afghanistan,KIC Asalanka,AD Mathews,Fazalhaq Farooqi,0,0,,,,,,,,,
1384421,2023/24,2023-10-30,"Maharashtra Cricket Association Stadium, Pune",1,38.4,Sri Lanka,Afghanistan,KIC Asalanka,AD Mathews,Fazalhaq Farooqi,0,0,,,,,,,,,
1384421,2023/24,2023-10-30,"Maharashtra Cricket Association Stadium, Pune",1,38.5,Sri Lanka,Afghanistan,KIC Asalanka,AD Mathews,Fazalhaq Farooqi,0,0,,,,,,caught,KIC Asalanka,,
1384421,2023/24,2023-10-30,"Maharashtra Cricket Association Stadium, Pune",1,38.6,Sri Lanka,Afghanistan,PVD Chameera,AD Mathews,Fazalhaq Farooqi,0,1,,,,1,,,,,
1384421,2023/24,2023-10-30,"Maharashtra Cricket Association Stadium, Pune",1,39.1,Sri Lanka,Afghanistan,PVD Chameera,AD Mathews,Rashid Khan,0,0,,,,,,,,,
1384421,2023/24,2023-10-30,"Maharashtra Cricket Association Stadium, Pune",1,39.2,Sri Lanka,Afghanistan,PVD Chameera,AD Mathews,Rashid Khan,1,0,,,,,,,,,
1384421,2023/24,2023-10-30,"Maharashtra Cricket Association Stadium, Pune",1,39.3,Sri Lanka,Afghanistan,AD Mathews,PVD Chameera,Rashid Khan,0,0,,,,,,,,,
1384421,2023/24,2023-10-30,"Maharashtra Cricket Association Stadium, Pune",1,39.4,Sri Lanka,Afghanistan,AD Mathews,PVD Chameera,Rashid Khan,2,0,,,,,,,,,
1384421,2023/24,2023-10-30,"Maharashtra Cricket Association Stadium, Pune",1,39.5,Sri Lanka,Afghanistan,AD Mathews,PVD Chameera,Rashid Khan,1,0,,,,,,,,,
1384421,2023/24,2023-10-30,"Maharashtra Cricket Association Stadium, Pune",1,39.6,Sri Lanka,Afghanistan,PVD Chameera,AD Mathews,Rashid Khan,0,0,,,,,,run out,PVD Chameera,,
1384421,2023/24,2023-10-30,"Maharashtra Cricket Association Stadium, Pune",1,40.1,Sri Lanka,Afghanistan,M Theekshana,AD Mathews,Azmatullah Omarzai,0,0,,,,,,,,,
1384421,2023/24,2023-10-30,"Maharashtra Cricket Association Stadium, Pune",1,40.2,Sri Lanka,Afghanistan,M Theekshana,AD Mathews,Azmatullah Omarzai,0,0,,,,,,,,,
1384421,2023/24,2023-10-30,"Maharashtra Cricket Association Stadium, Pune",1,40.3,Sri Lanka,Afghanistan,M Theekshana,AD Mathews,Azmatullah Omarzai,0,0,,,,,,,,,
1384421,2023/24,2023-10-30,"Maharashtra Cricket Association Stadium, Pune",1,40.4,Sri Lanka,Afghanistan,M Theekshana,AD Mathews,Azmatullah Omarzai,1,0,,,,,,,,,
1384421,2023/24,2023-10-30,"Maharashtra Cricket Association Stadium, Pune",1,40.5,Sri Lanka,Afghanistan,AD Mathews,M Theekshana,Azmatullah Omarzai,1,0,,,,,,,,,
1384421,2023/24,2023-10-30,"Maharashtra Cricket Association Stadium, Pune",1,40.6,Sri Lanka,Afghanistan,M Theekshana,AD Mathews,Azmatullah Omarzai,1,0,,,,,,,,,
1384421,2023/24,2023-10-30,"Maharashtra Cricket Association Stadium, Pune",1,41.1,Sri Lanka,Afghanistan,M Theekshana,AD Mathews,Rashid Khan,1,0,,,,,,,,,
1384421,2023/24,2023-10-30,"Maharashtra Cricket Association Stadium, Pune",1,41.2,Sri Lanka,Afghanistan,AD Mathews,M Theekshana,Rashid Khan,1,0,,,,,,,,,
1384421,2023/24,2023-10-30,"Maharashtra Cricket Association Stadium, Pune",1,41.3,Sri Lanka,Afghanistan,M Theekshana,AD Mathews,Rashid Khan,0,0,,,,,,,,,
1384421,2023/24,2023-10-30,"Maharashtra Cricket Association Stadium, Pune",1,41.4,Sri Lanka,Afghanistan,M Theekshana,AD Mathews,Rashid Khan,1,0,,,,,,,,,
1384421,2023/24,2023-10-30,"Maharashtra Cricket Association Stadium, Pune",1,41.5,Sri Lanka,Afghanistan,AD Mathews,M Theekshana,Rashid Khan,1,0,,,,,,,,,
1384421,2023/24,2023-10-30,"Maharashtra Cricket Association Stadium, Pune",1,41.6,Sri Lanka,Afghanistan,M Theekshana,AD Mathews,Rashid Khan,1,0,,,,,,,,,
1384421,2023/24,2023-10-30,"Maharashtra Cricket Association Stadium, Pune",1,42.1,Sri Lanka,Afghanistan,M Theekshana,AD Mathews,Azmatullah Omarzai,0,0,,,,,,,,,
1384421,2023/24,2023-10-30,"Maharashtra Cricket Association Stadium, Pune",1,42.2,Sri Lanka,Afghanistan,M Theekshana,AD Mathews,Azmatullah Omarzai,0,0,,,,,,,,,
1384421,2023/24,2023-10-30,"Maharashtra Cricket Association Stadium, Pune",1,42.3,Sri Lanka,Afghanistan,M Theekshana,AD Mathews,Azmatullah Omarzai,0,0,,,,,,,,,
1384421,2023/24,2023-10-30,"Maharashtra Cricket Association Stadium, Pune",1,42.4,Sri Lanka,Afghanistan,M Theekshana,AD Mathews,Azmatullah Omarzai,4,0,,,,,,,,,
1384421,2023/24,2023-10-30,"Maharashtra Cricket Association Stadium, Pune",1,42.5,Sri Lanka,Afghanistan,M Theekshana,AD Mathews,Azmatullah Omarzai,4,0,,,,,,,,,
1384421,2023/24,2023-10-30,"Maharashtra Cricket Association Stadium, Pune",1,42.6,Sri Lanka,Afghanistan,M Theekshana,AD Mathews,Azmatullah Omarzai,1,0,,,,,,,,,
1384421,2023/24,2023-10-30,"Maharashtra Cricket Association Stadium, Pune",1,43.1,Sri Lanka,Afghanistan,M Theekshana,AD Mathews,Naveen-ul-Haq,0,0,,,,,,,,,
1384421,2023/24,2023-10-30,"Maharashtra Cricket Association Stadium, Pune",1,43.2,Sri Lanka,Afghanistan,M Theekshana,AD Mathews,Naveen-ul-Haq,4,0,,,,,,,,,
1384421,2023/24,2023-10-30,"Maharashtra Cricket Association Stadium, Pune",1,43.3,Sri Lanka,Afghanistan,M Theekshana,AD Mathews,Naveen-ul-Haq,0,0,,,,,,,,,
1384421,2023/24,2023-10-30,"Maharashtra Cricket Association Stadium, Pune",1,43.4,Sri Lanka,Afghanistan,M Theekshana,AD Mathews,Naveen-ul-Haq,1,0,,,,,,,,,
1384421,2023/24,2023-10-30,"Maharashtra Cricket Association Stadium, Pune",1,43.5,Sri Lanka,Afghanistan,AD Mathews,M Theekshana,Naveen-ul-Haq,0,1,,,,1,,,,,
1384421,2023/24,2023-10-30,"Maharashtra Cricket Association Stadium, Pune",1,43.6,Sri Lanka,Afghanistan,M Theekshana,AD Mathews,Naveen-ul-Haq,0,0,,,,,,,,,
1384421,2023/24,2023-10-30,"Maharashtra Cricket Association Stadium, Pune",1,44.1,Sri Lanka,Afghanistan,AD Mathews,M Theekshana,Rashid Khan,1,0,,,,,,,,,
1384421,2023/24,2023-10-30,"Maharashtra Cricket Association Stadium, Pune",1,44.2,Sri Lanka,Afghanistan,M Theekshana,AD Mathews,Rashid Khan,0,1,1,,,,,,,,
1384421,2023/24,2023-10-30,"Maharashtra Cricket Association Stadium, Pune",1,44.3,Sri Lanka,Afghanistan,M Theekshana,AD Mathews,Rashid Khan,0,0,,,,,,,,,
1384421,2023/24,2023-10-30,"Maharashtra Cricket Association Stadium, Pune",1,44.4,Sri Lanka,Afghanistan,M Theekshana,AD Mathews,Rashid Khan,0,0,,,,,,,,,
1384421,2023/24,2023-10-30,"Maharashtra Cricket Association Stadium, Pune",1,44.5,Sri Lanka,Afghanistan,M Theekshana,AD Mathews,Rashid Khan,1,0,,,,,,,,,
1384421,2023/24,2023-10-30,"Maharashtra Cricket Association Stadium, Pune",1,44.6,Sri Lanka,Afghanistan,AD Mathews,M Theekshana,Rashid Khan,1,0,,,,,,,,,
1384421,2023/24,2023-10-30,"Maharashtra Cricket Association Stadium, Pune",1,44.7,Sri Lanka,Afghanistan,M Theekshana,AD Mathews,Rashid Khan,0,0,,,,,,,,,
1384421,2023/24,2023-10-30,"Maharashtra Cricket Association Stadium, Pune",1,45.1,Sri Lanka,Afghanistan,AD Mathews,M Theekshana,Naveen-ul-Haq,6,0,,,,,,,,,
1384421,2023/24,2023-10-30,"Maharashtra Cricket Association Stadium, Pune",1,45.2,Sri Lanka,Afghanistan,AD Mathews,M Theekshana,Naveen-ul-Haq,0,0,,,,,,,,,
1384421,2023/24,2023-10-30,"Maharashtra Cricket Association Stadium, Pune",1,45.3,Sri Lanka,Afghanistan,AD Mathews,M Theekshana,Naveen-ul-Haq,1,0,,,,,,,,,
1384421,2023/24,2023-10-30,"Maharashtra Cricket Association Stadium, Pune",1,45.4,Sri Lanka,Afghanistan,M Theekshana,AD Mathews,Naveen-ul-Haq,1,0,,,,,,,,,
1384421,2023/24,2023-10-30,"Maharashtra Cricket Association Stadium, Pune",1,45.5,Sri Lanka,Afghanistan,AD Mathews,M Theekshana,Naveen-ul-Haq,1,0,,,,,,,,,
1384421,2023/24,2023-10-30,"Maharashtra Cricket Association Stadium, Pune",1,45.6,Sri Lanka,Afghanistan,M Theekshana,AD Mathews,Naveen-ul-Haq,1,0,,,,,,,,,
1384421,2023/24,2023-10-30,"Maharashtra Cricket Association Stadium, Pune",1,46.1,Sri Lanka,Afghanistan,M Theekshana,AD Mathews,Fazalhaq Farooqi,0,0,,,,,,,,,
1384421,2023/24,2023-10-30,"Maharashtra Cricket Association Stadium, Pune",1,46.2,Sri Lanka,Afghanistan,M Theekshana,AD Mathews,Fazalhaq Farooqi,0,0,,,,,,,,,
1384421,2023/24,2023-10-30,"Maharashtra Cricket Association Stadium, Pune",1,46.3,Sri Lanka,Afghanistan,M Theekshana,AD Mathews,Fazalhaq Farooqi,6,0,,,,,,,,,
1384421,2023/24,2023-10-30,"Maharashtra Cricket Association Stadium, Pune",1,46.4,Sri Lanka,Afghanistan,M Theekshana,AD Mathews,Fazalhaq Farooqi,1,0,,,,,,,,,
1384421,2023/24,2023-10-30,"Maharashtra Cricket Association Stadium, Pune",1,46.5,Sri Lanka,Afghanistan,AD Mathews,M Theekshana,Fazalhaq Farooqi,1,0,,,,,,,,,
1384421,2023/24,2023-10-30,"Maharashtra Cricket Association Stadium, Pune",1,46.6,Sri Lanka,Afghanistan,M Theekshana,AD Mathews,Fazalhaq Farooqi,0,0,,,,,,bowled,M Theekshana,,
1384421,2023/24,2023-10-30,"Maharashtra Cricket Association Stadium, Pune",1,47.1,Sri Lanka,Afghanistan,AD Mathews,CAK Rajitha,Naveen-ul-Haq,0,0,,,,,,,,,
1384421,2023/24,2023-10-30,"Maharashtra Cricket Association Stadium, Pune",1,47.2,Sri Lanka,Afghanistan,AD Mathews,CAK Rajitha,Naveen-ul-Haq,1,0,,,,,,,,,
1384421,2023/24,2023-10-30,"Maharashtra Cricket Association Stadium, Pune",1,47.3,Sri Lanka,Afghanistan,CAK Rajitha,AD Mathews,Naveen-ul-Haq,2,0,,,,,,,,,
1384421,2023/24,2023-10-30,"Maharashtra Cricket Association Stadium, Pune",1,47.4,Sri Lanka,Afghanistan,CAK Rajitha,AD Mathews,Naveen-ul-Haq,0,0,,,,,,,,,
1384421,2023/24,2023-10-30,"Maharashtra Cricket Association Stadium, Pune",1,47.5,Sri Lanka,Afghanistan,CAK Rajitha,AD Mathews,Naveen-ul-Haq,1,0,,,,,,,,,
1384421,2023/24,2023-10-30,"Maharashtra Cricket Association Stadium, Pune",1,47.6,Sri Lanka,Afghanistan,AD Mathews,CAK Rajitha,Naveen-ul-Haq,4,0,,,,,,,,,
1384421,2023/24,2023-10-30,"Maharashtra Cricket Association Stadium, Pune",1,48.1,Sri Lanka,Afghanistan,CAK Rajitha,AD Mathews,Fazalhaq Farooqi,0,0,,,,,,,,,
1384421,2023/24,2023-10-30,"Maharashtra Cricket Association Stadium, Pune",1,48.2,Sri Lanka,Afghanistan,CAK Rajitha,AD Mathews,Fazalhaq Farooqi,1,0,,,,,,,,,
1384421,2023/24,2023-10-30,"Maharashtra Cricket Association Stadium, Pune",1,48.3,Sri Lanka,Afghanistan,AD Mathews,CAK Rajitha,Fazalhaq Farooqi,0,0,,,,,,caught,AD Mathews,,
1384421,2023/24,2023-10-30,"Maharashtra Cricket Association Stadium, Pune",1,48.4,Sri Lanka,Afghanistan,D Madushanka,CAK Rajitha,Fazalhaq Farooqi,0,0,,,,,,,,,
1384421,2023/24,2023-10-30,"Maharashtra Cricket Association Stadium, Pune",1,48.5,Sri Lanka,Afghanistan,D Madushanka,CAK Rajitha,Fazalhaq Farooqi,0,0,,,,,,,,,
1384421,2023/24,2023-10-30,"Maharashtra Cricket Association Stadium, Pune",1,48.6,Sri Lanka,Afghanistan,D Madushanka,CAK Rajitha,Fazalhaq Farooqi,0,0,,,,,,,,,
1384421,2023/24,2023-10-30,"Maharashtra Cricket Association Stadium, Pune",1,49.1,Sri Lanka,Afghanistan,CAK Rajitha,D Madushanka,Naveen-ul-Haq,0,0,,,,,,,,,
1384421,2023/24,2023-10-30,"Maharashtra Cricket Association Stadium, Pune",1,49.2,Sri Lanka,Afghanistan,CAK Rajitha,D Madushanka,Naveen-ul-Haq,1,0,,,,,,,,,
1384421,2023/24,2023-10-30,"Maharashtra Cricket Association Stadium, Pune",1,49.3,Sri Lanka,Afghanistan,D Madushanka,CAK Rajitha,Naveen-ul-Haq,0,0,,,,,,,,,
1384421,2023/24,2023-10-30,"Maharashtra Cricket Association Stadium, Pune",1,49.4,Sri Lanka,Afghanistan,D Madushanka,CAK Rajitha,Naveen-ul-Haq,0,1,1,,,,,run out,CAK Rajitha,,
1384421,2023/24,2023-10-30,"Maharashtra Cricket Association Stadium, Pune",2,0.1,Afghanistan,Sri Lanka,Rahmanullah Gurbaz,Ibrahim Zadran,D Madushanka,0,0,,,,,,,,,
1384421,2023/24,2023-10-30,"Maharashtra Cricket Association Stadium, Pune",2,0.2,Afghanistan,Sri Lanka,Rahmanullah Gurbaz,Ibrahim Zadran,D Madushanka,0,0,,,,,,,,,
1384421,2023/24,2023-10-30,"Maharashtra Cricket Association Stadium, Pune",2,0.3,Afghanistan,Sri Lanka,Rahmanullah Gurbaz,Ibrahim Zadran,D Madushanka,0,0,,,,,,,,,
1384421,2023/24,2023-10-30,"Maharashtra Cricket Association Stadium, Pune",2,0.4,Afghanistan,Sri Lanka,Rahmanullah Gurbaz,Ibrahim Zadran,D Madushanka,0,0,,,,,,bowled,Rahmanullah Gurbaz,,
1384421,2023/24,2023-10-30,"Maharashtra Cricket Association Stadium, Pune",2,0.5,Afghanistan,Sri Lanka,Rahmat Shah,Ibrahim Zadran,D Madushanka,1,0,,,,,,,,,
1384421,2023/24,2023-10-30,"Maharashtra Cricket Association Stadium, Pune",2,0.6,Afghanistan,Sri Lanka,Ibrahim Zadran,Rahmat Shah,D Madushanka,1,0,,,,,,,,,
1384421,2023/24,2023-10-30,"Maharashtra Cricket Association Stadium, Pune",2,1.1,Afghanistan,Sri Lanka,Ibrahim Zadran,Rahmat Shah,CAK Rajitha,0,0,,,,,,,,,
1384421,2023/24,2023-10-30,"Maharashtra Cricket Association Stadium, Pune",2,1.2,Afghanistan,Sri Lanka,Ibrahim Zadran,Rahmat Shah,CAK Rajitha,0,0,,,,,,,,,
1384421,2023/24,2023-10-30,"Maharashtra Cricket Association Stadium, Pune",2,1.3,Afghanistan,Sri Lanka,Ibrahim Zadran,Rahmat Shah,CAK Rajitha,0,0,,,,,,,,,
1384421,2023/24,2023-10-30,"Maharashtra Cricket Association Stadium, Pune",2,1.4,Afghanistan,Sri Lanka,Ibrahim Zadran,Rahmat Shah,CAK Rajitha,0,0,,,,,,,,,
1384421,2023/24,2023-10-30,"Maharashtra Cricket Association Stadium, Pune",2,1.5,Afghanistan,Sri Lanka,Ibrahim Zadran,Rahmat Shah,CAK Rajitha,0,0,,,,,,,,,
1384421,2023/24,2023-10-30,"Maharashtra Cricket Association Stadium, Pune",2,1.6,Afghanistan,Sri Lanka,Ibrahim Zadran,Rahmat Shah,CAK Rajitha,3,0,,,,,,,,,
1384421,2023/24,2023-10-30,"Maharashtra Cricket Association Stadium, Pune",2,2.1,Afghanistan,Sri Lanka,Ibrahim Zadran,Rahmat Shah,D Madushanka,0,0,,,,,,,,,
1384421,2023/24,2023-10-30,"Maharashtra Cricket Association Stadium, Pune",2,2.2,Afghanistan,Sri Lanka,Ibrahim Zadran,Rahmat Shah,D Madushanka,0,0,,,,,,,,,
1384421,2023/24,2023-10-30,"Maharashtra Cricket Association Stadium, Pune",2,2.3,Afghanistan,Sri Lanka,Ibrahim Zadran,Rahmat Shah,D Madushanka,0,0,,,,,,,,,
1384421,2023/24,2023-10-30,"Maharashtra Cricket Association Stadium, Pune",2,2.4,Afghanistan,Sri Lanka,Ibrahim Zadran,Rahmat Shah,D Madushanka,0,0,,,,,,,,,
1384421,2023/24,2023-10-30,"Maharashtra Cricket Association Stadium, Pune",2,2.5,Afghanistan,Sri Lanka,Ibrahim Zadran,Rahmat Shah,D Madushanka,0,0,,,,,,,,,
1384421,2023/24,2023-10-30,"Maharashtra Cricket Association Stadium, Pune",2,2.6,Afghanistan,Sri Lanka,Ibrahim Zadran,Rahmat Shah,D Madushanka,4,0,,,,,,,,,
1384421,2023/24,2023-10-30,"Maharashtra Cricket Association Stadium, Pune",2,3.1,Afghanistan,Sri Lanka,Rahmat Shah,Ibrahim Zadran,CAK Rajitha,0,0,,,,,,,,,
1384421,2023/24,2023-10-30,"Maharashtra Cricket Association Stadium, Pune",2,3.2,Afghanistan,Sri Lanka,Rahmat Shah,Ibrahim Zadran,CAK Rajitha,0,0,,,,,,,,,
1384421,2023/24,2023-10-30,"Maharashtra Cricket Association Stadium, Pune",2,3.3,Afghanistan,Sri Lanka,Rahmat Shah,Ibrahim Zadran,CAK Rajitha,4,0,,,,,,,,,
1384421,2023/24,2023-10-30,"Maharashtra Cricket Association Stadium, Pune",2,3.4,Afghanistan,Sri Lanka,Rahmat Shah,Ibrahim Zadran,CAK Rajitha,0,1,,,,1,,,,,
1384421,2023/24,2023-10-30,"Maharashtra Cricket Association Stadium, Pune",2,3.5,Afghanistan,Sri Lanka,Ibrahim Zadran,Rahmat Shah,CAK Rajitha,0,0,,,,,,,,,
1384421,2023/24,2023-10-30,"Maharashtra Cricket Association Stadium, Pune",2,3.6,Afghanistan,Sri Lanka,Ibrahim Zadran,Rahmat Shah,CAK Rajitha,0,0,,,,,,,,,
1384421,2023/24,2023-10-30,"Maharashtra Cricket Association Stadium, Pune",2,4.1,Afghanistan,Sri Lanka,Rahmat Shah,Ibrahim Zadran,D Madushanka,0,0,,,,,,,,,
1384421,2023/24,2023-10-30,"Maharashtra Cricket Association Stadium, Pune",2,4.2,Afghanistan,Sri Lanka,Rahmat Shah,Ibrahim Zadran,D Madushanka,0,0,,,,,,,,,
1384421,2023/24,2023-10-30,"Maharashtra Cricket Association Stadium, Pune",2,4.3,Afghanistan,Sri Lanka,Rahmat Shah,Ibrahim Zadran,D Madushanka,1,0,,,,,,,,,
1384421,2023/24,2023-10-30,"Maharashtra Cricket Association Stadium, Pune",2,4.4,Afghanistan,Sri Lanka,Ibrahim Zadran,Rahmat Shah,D Madushanka,0,0,,,,,,,,,
1384421,2023/24,2023-10-30,"Maharashtra Cricket Association Stadium, Pune",2,4.5,Afghanistan,Sri Lanka,Ibrahim Zadran,Rahmat Shah,D Madushanka,1,0,,,,,,,,,
1384421,2023/24,2023-10-30,"Maharashtra Cricket Association Stadium, Pune",2,4.6,Afghanistan,Sri Lanka,Rahmat Shah,Ibrahim Zadran,D Madushanka,4,0,,,,,,,,,
1384421,2023/24,2023-10-30,"Maharashtra Cricket Association Stadium, Pune",2,5.1,Afghanistan,Sri Lanka,Ibrahim Zadran,Rahmat Shah,CAK Rajitha,0,0,,,,,,,,,
1384421,2023/24,2023-10-30,"Maharashtra Cricket Association Stadium, Pune",2,5.2,Afghanistan,Sri Lanka,Ibrahim Zadran,Rahmat Shah,CAK Rajitha,0,0,,,,,,,,,
1384421,2023/24,2023-10-30,"Maharashtra Cricket Association Stadium, Pune",2,5.3,Afghanistan,Sri Lanka,Ibrahim Zadran,Rahmat Shah,CAK Rajitha,0,1,1,,,,,,,,
1384421,2023/24,2023-10-30,"Maharashtra Cricket Association Stadium, Pune",2,5.4,Afghanistan,Sri Lanka,Ibrahim Zadran,Rahmat Shah,CAK Rajitha,0,0,,,,,,,,,
1384421,2023/24,2023-10-30,"Maharashtra Cricket Association Stadium, Pune",2,5.5,Afghanistan,Sri Lanka,Ibrahim Zadran,Rahmat Shah,CAK Rajitha,0,0,,,,,,,,,
1384421,2023/24,2023-10-30,"Maharashtra Cricket Association Stadium, Pune",2,5.6,Afghanistan,Sri Lanka,Ibrahim Zadran,Rahmat Shah,CAK Rajitha,0,0,,,,,,,,,
1384421,2023/24,2023-10-30,"Maharashtra Cricket Association Stadium, Pune",2,5.7,Afghanistan,Sri Lanka,Ibrahim Zadran,Rahmat Shah,CAK Rajitha,6,0,,,,,,,,,
1384421,2023/24,2023-10-30,"Maharashtra Cricket Association Stadium, Pune",2,6.1,Afghanistan,Sri Lanka,Rahmat Shah,Ibrahim Zadran,AD Mathews,4,0,,,,,,,,,
1384421,2023/24,2023-10-30,"Maharashtra Cricket Association Stadium, Pune",2,6.2,Afghanistan,Sri Lanka,Rahmat Shah,Ibrahim Zadran,AD Mathews,0,0,,,,,,,,,
1384421,2023/24,2023-10-30,"Maharashtra Cricket Association Stadium, Pune",2,6.3,Afghanistan,Sri Lanka,Rahmat Shah,Ibrahim Zadran,AD Mathews,1,0,,,,,,,,,
1384421,2023/24,2023-10-30,"Maharashtra Cricket Association Stadium, Pune",2,6.4,Afghanistan,Sri Lanka,Ibrahim Zadran,Rahmat Shah,AD Mathews,0,0,,,,,,,,,
1384421,2023/24,2023-10-30,"Maharashtra Cricket Association Stadium, Pune",2,6.5,Afghanistan,Sri Lanka,Ibrahim Zadran,Rahmat Shah,AD Mathews,4,0,,,,,,,,,
1384421,2023/24,2023-10-30,"Maharashtra Cricket Association Stadium, Pune",2,6.6,Afghanistan,Sri Lanka,Ibrahim Zadran,Rahmat Shah,AD Mathews,0,0,,,,,,,,,
1384421,2023/24,2023-10-30,"Maharashtra Cricket Association Stadium, Pune",2,7.1,Afghanistan,Sri Lanka,Rahmat Shah,Ibrahim Zadran,CAK Rajitha,0,0,,,,,,,,,
1384421,2023/24,2023-10-30,"Maharashtra Cricket Association Stadium, Pune",2,7.2,Afghanistan,Sri Lanka,Rahmat Shah,Ibrahim Zadran,CAK Rajitha,0,0,,,,,,,,,
1384421,2023/24,2023-10-30,"Maharashtra Cricket Association Stadium, Pune",2,7.3,Afghanistan,Sri Lanka,Rahmat Shah,Ibrahim Zadran,CAK Rajitha,0,0,,,,,,,,,
1384421,2023/24,2023-10-30,"Maharashtra Cricket Association Stadium, Pune",2,7.4,Afghanistan,Sri Lanka,Rahmat Shah,Ibrahim Zadran,CAK Rajitha,0,0,,,,,,,,,
1384421,2023/24,2023-10-30,"Maharashtra Cricket Association Stadium, Pune",2,7.5,Afghanistan,Sri Lanka,Rahmat Shah,Ibrahim Zadran,CAK Rajitha,4,0,,,,,,,,,
1384421,2023/24,2023-10-30,"Maharashtra Cricket Association Stadium, Pune",2,7.6,Afghanistan,Sri Lanka,Rahmat Shah,Ibrahim Zadran,CAK Rajitha,0,0,,,,,,,,,
1384421,2023/24,2023-10-30,"Maharashtra Cricket Association Stadium, Pune",2,8.1,Afghanistan,Sri Lanka,Ibrahim Zadran,Rahmat Shah,PVD Chameera,0,0,,,,,,,,,
1384421,2023/24,2023-10-30,"Maharashtra Cricket Association Stadium, Pune",2,8.2,Afghanistan,Sri Lanka,Ibrahim Zadran,Rahmat Shah,PVD Chameera,4,0,,,,,,,,,
1384421,2023/24,2023-10-30,"Maharashtra Cricket Association Stadium, Pune",2,8.3,Afghanistan,Sri Lanka,Ibrahim Zadran,Rahmat Shah,PVD Chameera,0,0,,,,,,,,,
1384421,2023/24,2023-10-30,"Maharashtra Cricket Association Stadium, Pune",2,8.4,Afghanistan,Sri Lanka,Ibrahim Zadran,Rahmat Shah,PVD Chameera,0,0,,,,,,,,,
1384421,2023/24,2023-10-30,"Maharashtra Cricket Association Stadium, Pune",2,8.5,Afghanistan,Sri Lanka,Ibrahim Zadran,Rahmat Shah,PVD Chameera,0,0,,,,,,,,,
1384421,2023/24,2023-10-30,"Maharashtra Cricket Association Stadium, Pune",2,8.6,Afghanistan,Sri Lanka,Ibrahim Zadran,Rahmat Shah,PVD Chameera,0,0,,,,,,,,,
1384421,2023/24,2023-10-30,"Maharashtra Cricket Association Stadium, Pune",2,9.1,Afghanistan,Sri Lanka,Rahmat Shah,Ibrahim Zadran,M Theekshana,0,0,,,,,,,,,
1384421,2023/24,2023-10-30,"Maharashtra Cricket Association Stadium, Pune",2,9.2,Afghanistan,Sri Lanka,Rahmat Shah,Ibrahim Zadran,M Theekshana,0,0,,,,,,,,,
1384421,2023/24,2023-10-30,"Maharashtra Cricket Association Stadium, Pune",2,9.3,Afghanistan,Sri Lanka,Rahmat Shah,Ibrahim Zadran,M Theekshana,1,0,,,,,,,,,
1384421,2023/24,2023-10-30,"Maharashtra Cricket Association Stadium, Pune",2,9.4,Afghanistan,Sri Lanka,Ibrahim Zadran,Rahmat Shah,M Theekshana,4,0,,,,,,,,,
1384421,2023/24,2023-10-30,"Maharashtra Cricket Association Stadium, Pune",2,9.5,Afghanistan,Sri Lanka,Ibrahim Zadran,Rahmat Shah,M Theekshana,0,0,,,,,,,,,
1384421,2023/24,2023-10-30,"Maharashtra Cricket Association Stadium, Pune",2,9.6,Afghanistan,Sri Lanka,Ibrahim Zadran,Rahmat Shah,M Theekshana,1,0,,,,,,,,,
1384421,2023/24,2023-10-30,"Maharashtra Cricket Association Stadium, Pune",2,10.1,Afghanistan,Sri Lanka,Ibrahim Zadran,Rahmat Shah,PVD Chameera,0,0,,,,,,,,,
1384421,2023/24,2023-10-30,"Maharashtra Cricket Association Stadium, Pune",2,10.2,Afghanistan,Sri Lanka,Ibrahim Zadran,Rahmat Shah,PVD Chameera,0,0,,,,,,,,,
1384421,2023/24,2023-10-30,"Maharashtra Cricket Association Stadium, Pune",2,10.3,Afghanistan,Sri Lanka,Ibrahim Zadran,Rahmat Shah,PVD Chameera,0,0,,,,,,,,,
1384421,2023/24,2023-10-30,"Maharashtra Cricket Association Stadium, Pune",2,10.4,Afghanistan,Sri Lanka,Ibrahim Zadran,Rahmat Shah,PVD Chameera,1,0,,,,,,,,,
1384421,2023/24,2023-10-30,"Maharashtra Cricket Association Stadium, Pune",2,10.5,Afghanistan,Sri Lanka,Rahmat Shah,Ibrahim Zadran,PVD Chameera,0,0,,,,,,,,,
1384421,2023/24,2023-10-30,"Maharashtra Cricket Association Stadium, Pune",2,10.6,Afghanistan,Sri Lanka,Rahmat Shah,Ibrahim Zadran,PVD Chameera,0,0,,,,,,,,,
1384421,2023/24,2023-10-30,"Maharashtra Cricket Association Stadium, Pune",2,11.1,Afghanistan,Sri Lanka,Ibrahim Zadran,Rahmat Shah,M Theekshana,0,0,,,,,,,,,
1384421,2023/24,2023-10-30,"Maharashtra Cricket Association Stadium, Pune",2,11.2,Afghanistan,Sri Lanka,Ibrahim Zadran,Rahmat Shah,M Theekshana,1,0,,,,,,,,,
1384421,2023/24,2023-10-30,"Maharashtra Cricket Association Stadium, Pune",2,11.3,Afghanistan,Sri Lanka,Rahmat Shah,Ibrahim Zadran,M Theekshana,1,0,,,,,,,,,
1384421,2023/24,2023-10-30,"Maharashtra Cricket Association Stadium, Pune",2,11.4,Afghanistan,Sri Lanka,Ibrahim Zadran,Rahmat Shah,M Theekshana,1,0,,,,,,,,,
1384421,2023/24,2023-10-30,"Maharashtra Cricket Association Stadium, Pune",2,11.5,Afghanistan,Sri Lanka,Rahmat Shah,Ibrahim Zadran,M Theekshana,0,1,1,,,,,,,,
1384421,2023/24,2023-10-30,"Maharashtra Cricket Association Stadium, Pune",2,11.6,Afghanistan,Sri Lanka,Rahmat Shah,Ibrahim Zadran,M Theekshana,0,0,,,,,,,,,
1384421,2023/24,2023-10-30,"Maharashtra Cricket Association Stadium, Pune",2,11.7,Afghanistan,Sri Lanka,Rahmat Shah,Ibrahim Zadran,M Theekshana,1,0,,,,,,,,,
1384421,2023/24,2023-10-30,"Maharashtra Cricket Association Stadium, Pune",2,12.1,Afghanistan,Sri Lanka,Rahmat Shah,Ibrahim Zadran,PVD Chameera,0,0,,,,,,,,,
1384421,2023/24,2023-10-30,"Maharashtra Cricket Association Stadium, Pune",2,12.2,Afghanistan,Sri Lanka,Rahmat Shah,Ibrahim Zadran,PVD Chameera,1,0,,,,,,,,,
1384421,2023/24,2023-10-30,"Maharashtra Cricket Association Stadium, Pune",2,12.3,Afghanistan,Sri Lanka,Ibrahim Zadran,Rahmat Shah,PVD Chameera,0,0,,,,,,,,,
1384421,2023/24,2023-10-30,"Maharashtra Cricket Association Stadium, Pune",2,12.4,Afghanistan,Sri Lanka,Ibrahim Zadran,Rahmat Shah,PVD Chameera,0,0,,,,,,,,,
1384421,2023/24,2023-10-30,"Maharashtra Cricket Association Stadium, Pune",2,12.5,Afghanistan,Sri Lanka,Ibrahim Zadran,Rahmat Shah,PVD Chameera,2,0,,,,,,,,,
1384421,2023/24,2023-10-30,"Maharashtra Cricket Association Stadium, Pune",2,12.6,Afghanistan,Sri Lanka,Ibrahim Zadran,Rahmat Shah,PVD Chameera,1,0,,,,,,,,,
1384421,2023/24,2023-10-30,"Maharashtra Cricket Association Stadium, Pune",2,13.1,Afghanistan,Sri Lanka,Ibrahim Zadran,Rahmat Shah,M Theekshana,0,0,,,,,,,,,
1384421,2023/24,2023-10-30,"Maharashtra Cricket Association Stadium, Pune",2,13.2,Afghanistan,Sri Lanka,Ibrahim Zadran,Rahmat Shah,M Theekshana,1,0,,,,,,,,,
1384421,2023/24,2023-10-30,"Maharashtra Cricket Association Stadium, Pune",2,13.3,Afghanistan,Sri Lanka,Rahmat Shah,Ibrahim Zadran,M Theekshana,0,0,,,,,,,,,
1384421,2023/24,2023-10-30,"Maharashtra Cricket Association Stadium, Pune",2,13.4,Afghanistan,Sri Lanka,Rahmat Shah,Ibrahim Zadran,M Theekshana,1,0,,,,,,,,,
1384421,2023/24,2023-10-30,"Maharashtra Cricket Association Stadium, Pune",2,13.5,Afghanistan,Sri Lanka,Ibrahim Zadran,Rahmat Shah,M Theekshana,1,0,,,,,,,,,
1384421,2023/24,2023-10-30,"Maharashtra Cricket Association Stadium, Pune",2,13.6,Afghanistan,Sri Lanka,Rahmat Shah,Ibrahim Zadran,M Theekshana,1,0,,,,,,,,,
1384421,2023/24,2023-10-30,"Maharashtra Cricket Association Stadium, Pune",2,14.1,Afghanistan,Sri Lanka,Rahmat Shah,Ibrahim Zadran,D Madushanka,0,0,,,,,,,,,
1384421,2023/24,2023-10-30,"Maharashtra Cricket Association Stadium, Pune",2,14.2,Afghanistan,Sri Lanka,Rahmat Shah,Ibrahim Zadran,D Madushanka,1,0,,,,,,,,,
1384421,2023/24,2023-10-30,"Maharashtra Cricket Association Stadium, Pune",2,14.3,Afghanistan,Sri Lanka,Ibrahim Zadran,Rahmat Shah,D Madushanka,0,0,,,,,,,,,
1384421,2023/24,2023-10-30,"Maharashtra Cricket Association Stadium, Pune",2,14.4,Afghanistan,Sri Lanka,Ibrahim Zadran,Rahmat Shah,D Madushanka,1,0,,,,,,,,,
1384421,2023/24,2023-10-30,"Maharashtra Cricket Association Stadium, Pune",2,14.5,Afghanistan,Sri Lanka,Rahmat Shah,Ibrahim Zadran,D Madushanka,1,0,,,,,,,,,
1384421,2023/24,2023-10-30,"Maharashtra Cricket Association Stadium, Pune",2,14.6,Afghanistan,Sri Lanka,Ibrahim Zadran,Rahmat Shah,D Madushanka,0,0,,,,,,,,,
1384421,2023/24,2023-10-30,"Maharashtra Cricket Association Stadium, Pune",2,15.1,Afghanistan,Sri Lanka,Rahmat Shah,Ibrahim Zadran,M Theekshana,0,0,,,,,,,,,
1384421,2023/24,2023-10-30,"Maharashtra Cricket Association Stadium, Pune",2,15.2,Afghanistan,Sri Lanka,Rahmat Shah,Ibrahim Zadran,M Theekshana,0,0,,,,,,,,,
1384421,2023/24,2023-10-30,"Maharashtra Cricket Association Stadium, Pune",2,15.3,Afghanistan,Sri Lanka,Rahmat Shah,Ibrahim Zadran,M Theekshana,1,0,,,,,,,,,
1384421,2023/24,2023-10-30,"Maharashtra Cricket Association Stadium, Pune",2,15.4,Afghanistan,Sri Lanka,Ibrahim Zadran,Rahmat Shah,M Theekshana,0,0,,,,,,,,,
1384421,2023/24,2023-10-30,"Maharashtra Cricket Association Stadium, Pune",2,15.5,Afghanistan,Sri Lanka,Ibrahim Zadran,Rahmat Shah,M Theekshana,1,0,,,,,,,,,
1384421,2023/24,2023-10-30,"Maharashtra Cricket Association Stadium, Pune",2,15.6,Afghanistan,Sri Lanka,Rahmat Shah,Ibrahim Zadran,M Theekshana,1,0,,,,,,,,,
1384421,2023/24,2023-10-30,"Maharashtra Cricket Association Stadium, Pune",2,16.1,Afghanistan,Sri Lanka,Rahmat Shah,Ibrahim Zadran,D Madushanka,1,0,,,,,,,,,
1384421,2023/24,2023-10-30,"Maharashtra Cricket Association Stadium, Pune",2,16.2,Afghanistan,Sri Lanka,Ibrahim Zadran,Rahmat Shah,D Madushanka,0,0,,,,,,,,,
1384421,2023/24,2023-10-30,"Maharashtra Cricket Association Stadium, Pune",2,16.3,Afghanistan,Sri Lanka,Ibrahim Zadran,Rahmat Shah,D Madushanka,1,0,,,,,,,,,
1384421,2023/24,2023-10-30,"Maharashtra Cricket Association Stadium, Pune",2,16.4,Afghanistan,Sri Lanka,Rahmat Shah,Ibrahim Zadran,D Madushanka,1,0,,,,,,,,,
1384421,2023/24,2023-10-30,"Maharashtra Cricket Association Stadium, Pune",2,16.5,Afghanistan,Sri Lanka,Ibrahim Zadran,Rahmat Shah,D Madushanka,0,0,,,,,,caught,Ibrahim Zadran,,
1384421,2023/24,2023-10-30,"Maharashtra Cricket Association Stadium, Pune",2,16.6,Afghanistan,Sri Lanka,Hashmatullah Shahidi,Rahmat Shah,D Madushanka,0,1,1,,,,,,,,
1384421,2023/24,2023-10-30,"Maharashtra Cricket Association Stadium, Pune",2,16.7,Afghanistan,Sri Lanka,Hashmatullah Shahidi,Rahmat Shah,D Madushanka,0,0,,,,,,,,,
1384421,2023/24,2023-10-30,"Maharashtra Cricket Association Stadium, Pune",2,17.1,Afghanistan,Sri Lanka,Rahmat Shah,Hashmatullah Shahidi,AD Mathews,2,0,,,,,,,,,
1384421,2023/24,2023-10-30,"Maharashtra Cricket Association Stadium, Pune",2,17.2,Afghanistan,Sri Lanka,Rahmat Shah,Hashmatullah Shahidi,AD Mathews,0,0,,,,,,,,,
1384421,2023/24,2023-10-30,"Maharashtra Cricket Association Stadium, Pune",2,17.3,Afghanistan,Sri Lanka,Rahmat Shah,Hashmatullah Shahidi,AD Mathews,0,0,,,,,,,,,
1384421,2023/24,2023-10-30,"Maharashtra Cricket Association Stadium, Pune",2,17.4,Afghanistan,Sri Lanka,Rahmat Shah,Hashmatullah Shahidi,AD Mathews,1,0,,,,,,,,,
1384421,2023/24,2023-10-30,"Maharashtra Cricket Association Stadium, Pune",2,17.5,Afghanistan,Sri Lanka,Hashmatullah Shahidi,Rahmat Shah,AD Mathews,0,0,,,,,,,,,
1384421,2023/24,2023-10-30,"Maharashtra Cricket Association Stadium, Pune",2,17.6,Afghanistan,Sri Lanka,Hashmatullah Shahidi,Rahmat Shah,AD Mathews,2,0,,,,,,,,,
1384421,2023/24,2023-10-30,"Maharashtra Cricket Association Stadium, Pune",2,18.1,Afghanistan,Sri Lanka,Rahmat Shah,Hashmatullah Shahidi,D Madushanka,0,0,,,,,,,,,
1384421,2023/24,2023-10-30,"Maharashtra Cricket Association Stadium, Pune",2,18.2,Afghanistan,Sri Lanka,Rahmat Shah,Hashmatullah Shahidi,D Madushanka,1,0,,,,,,,,,
1384421,2023/24,2023-10-30,"Maharashtra Cricket Association Stadium, Pune",2,18.3,Afghanistan,Sri Lanka,Hashmatullah Shahidi,Rahmat Shah,D Madushanka,0,0,,,,,,,,,
1384421,2023/24,2023-10-30,"Maharashtra Cricket Association Stadium, Pune",2,18.4,Afghanistan,Sri Lanka,Hashmatullah Shahidi,Rahmat Shah,D Madushanka,1,0,,,,,,,,,
1384421,2023/24,2023-10-30,"Maharashtra Cricket Association Stadium, Pune",2,18.5,Afghanistan,Sri Lanka,Rahmat Shah,Hashmatullah Shahidi,D Madushanka,1,0,,,,,,,,,
1384421,2023/24,2023-10-30,"Maharashtra Cricket Association Stadium, Pune",2,18.6,Afghanistan,Sri Lanka,Hashmatullah Shahidi,Rahmat Shah,D Madushanka,1,0,,,,,,,,,
1384421,2023/24,2023-10-30,"Maharashtra Cricket Association Stadium, Pune",2,19.1,Afghanistan,Sri Lanka,Hashmatullah Shahidi,Rahmat Shah,AD Mathews,0,0,,,,,,,,,
1384421,2023/24,2023-10-30,"Maharashtra Cricket Association Stadium, Pune",2,19.2,Afghanistan,Sri Lanka,Hashmatullah Shahidi,Rahmat Shah,AD Mathews,1,0,,,,,,,,,
1384421,2023/24,2023-10-30,"Maharashtra Cricket Association Stadium, Pune",2,19.3,Afghanistan,Sri Lanka,Rahmat Shah,Hashmatullah Shahidi,AD Mathews,1,0,,,,,,,,,
1384421,2023/24,2023-10-30,"Maharashtra Cricket Association Stadium, Pune",2,19.4,Afghanistan,Sri Lanka,Hashmatullah Shahidi,Rahmat Shah,AD Mathews,1,0,,,,,,,,,
1384421,2023/24,2023-10-30,"Maharashtra Cricket Association Stadium, Pune",2,19.5,Afghanistan,Sri Lanka,Rahmat Shah,Hashmatullah Shahidi,AD Mathews,1,0,,,,,,,,,
1384421,2023/24,2023-10-30,"Maharashtra Cricket Association Stadium, Pune",2,19.6,Afghanistan,Sri Lanka,Hashmatullah Shahidi,Rahmat Shah,AD Mathews,0,0,,,,,,,,,
1384421,2023/24,2023-10-30,"Maharashtra Cricket Association Stadium, Pune",2,20.1,Afghanistan,Sri Lanka,Rahmat Shah,Hashmatullah Shahidi,PVD Chameera,1,0,,,,,,,,,
1384421,2023/24,2023-10-30,"Maharashtra Cricket Association Stadium, Pune",2,20.2,Afghanistan,Sri Lanka,Hashmatullah Shahidi,Rahmat Shah,PVD Chameera,0,0,,,,,,,,,
1384421,2023/24,2023-10-30,"Maharashtra Cricket Association Stadium, Pune",2,20.3,Afghanistan,Sri Lanka,Hashmatullah Shahidi,Rahmat Shah,PVD Chameera,6,0,,,,,,,,,
1384421,2023/24,2023-10-30,"Maharashtra Cricket Association Stadium, Pune",2,20.4,Afghanistan,Sri Lanka,Hashmatullah Shahidi,Rahmat Shah,PVD Chameera,1,0,,,,,,,,,
1384421,2023/24,2023-10-30,"Maharashtra Cricket Association Stadium, Pune",2,20.5,Afghanistan,Sri Lanka,Rahmat Shah,Hashmatullah Shahidi,PVD Chameera,0,0,,,,,,,,,
1384421,2023/24,2023-10-30,"Maharashtra Cricket Association Stadium, Pune",2,20.6,Afghanistan,Sri Lanka,Rahmat Shah,Hashmatullah Shahidi,PVD Chameera,0,0,,,,,,,,,
1384421,2023/24,2023-10-30,"Maharashtra Cricket Association Stadium, Pune",2,21.1,Afghanistan,Sri Lanka,Hashmatullah Shahidi,Rahmat Shah,M Theekshana,0,0,,,,,,,,,
1384421,2023/24,2023-10-30,"Maharashtra Cricket Association Stadium, Pune",2,21.2,Afghanistan,Sri Lanka,Hashmatullah Shahidi,Rahmat Shah,M Theekshana,1,0,,,,,,,,,
1384421,2023/24,2023-10-30,"Maharashtra Cricket Association Stadium, Pune",2,21.3,Afghanistan,Sri Lanka,Rahmat Shah,Hashmatullah Shahidi,M Theekshana,2,0,,,,,,,,,
1384421,2023/24,2023-10-30,"Maharashtra Cricket Association Stadium, Pune",2,21.4,Afghanistan,Sri Lanka,Rahmat Shah,Hashmatullah Shahidi,M Theekshana,0,1,1,,,,,,,,
1384421,2023/24,2023-10-30,"Maharashtra Cricket Association Stadium, Pune",2,21.5,Afghanistan,Sri Lanka,Rahmat Shah,Hashmatullah Shahidi,M Theekshana,0,0,,,,,,,,,
1384421,2023/24,2023-10-30,"Maharashtra Cricket Association Stadium, Pune",2,21.6,Afghanistan,Sri Lanka,Rahmat Shah,Hashmatullah Shahidi,M Theekshana,1,0,,,,,,,,,
1384421,2023/24,2023-10-30,"Maharashtra Cricket Association Stadium, Pune",2,21.7,Afghanistan,Sri Lanka,Hashmatullah Shahidi,Rahmat Shah,M Theekshana,1,0,,,,,,,,,
1384421,2023/24,2023-10-30,"Maharashtra Cricket Association Stadium, Pune",2,22.1,Afghanistan,Sri Lanka,Hashmatullah Shahidi,Rahmat Shah,PVD Chameera,0,0,,,,,,,,,
1384421,2023/24,2023-10-30,"Maharashtra Cricket Association Stadium, Pune",2,22.2,Afghanistan,Sri Lanka,Hashmatullah Shahidi,Rahmat Shah,PVD Chameera,0,0,,,,,,,,,
1384421,2023/24,2023-10-30,"Maharashtra Cricket Association Stadium, Pune",2,22.3,Afghanistan,Sri Lanka,Hashmatullah Shahidi,Rahmat Shah,PVD Chameera,0,0,,,,,,,,,
1384421,2023/24,2023-10-30,"Maharashtra Cricket Association Stadium, Pune",2,22.4,Afghanistan,Sri Lanka,Hashmatullah Shahidi,Rahmat Shah,PVD Chameera,1,0,,,,,,,,,
1384421,2023/24,2023-10-30,"Maharashtra Cricket Association Stadium, Pune",2,22.5,Afghanistan,Sri Lanka,Rahmat Shah,Hashmatullah Shahidi,PVD Chameera,1,0,,,,,,,,,
1384421,2023/24,2023-10-30,"Maharashtra Cricket Association Stadium, Pune",2,22.6,Afghanistan,Sri Lanka,Hashmatullah Shahidi,Rahmat Shah,PVD Chameera,2,0,,,,,,,,,
1384421,2023/24,2023-10-30,"Maharashtra Cricket Association Stadium, Pune",2,23.1,Afghanistan,Sri Lanka,Rahmat Shah,Hashmatullah Shahidi,M Theekshana,4,0,,,,,,,,,
1384421,2023/24,2023-10-30,"Maharashtra Cricket Association Stadium, Pune",2,23.2,Afghanistan,Sri Lanka,Rahmat Shah,Hashmatullah Shahidi,M Theekshana,0,0,,,,,,,,,
1384421,2023/24,2023-10-30,"Maharashtra Cricket Association Stadium, Pune",2,23.3,Afghanistan,Sri Lanka,Rahmat Shah,Hashmatullah Shahidi,M Theekshana,1,0,,,,,,,,,
1384421,2023/24,2023-10-30,"Maharashtra Cricket Association Stadium, Pune",2,23.4,Afghanistan,Sri Lanka,Hashmatullah Shahidi,Rahmat Shah,M Theekshana,1,0,,,,,,,,,
1384421,2023/24,2023-10-30,"Maharashtra Cricket Association Stadium, Pune",2,23.5,Afghanistan,Sri Lanka,Rahmat Shah,Hashmatullah Shahidi,M Theekshana,1,0,,,,,,,,,
1384421,2023/24,2023-10-30,"Maharashtra Cricket Association Stadium, Pune",2,23.6,Afghanistan,Sri Lanka,Hashmatullah Shahidi,Rahmat Shah,M Theekshana,0,0,,,,,,,,,
1384421,2023/24,2023-10-30,"Maharashtra Cricket Association Stadium, Pune",2,24.1,Afghanistan,Sri Lanka,Rahmat Shah,Hashmatullah Shahidi,PVD Chameera,1,0,,,,,,,,,
1384421,2023/24,2023-10-30,"Maharashtra Cricket Association Stadium, Pune",2,24.2,Afghanistan,Sri Lanka,Hashmatullah Shahidi,Rahmat Shah,PVD Chameera,0,0,,,,,,,,,
1384421,2023/24,2023-10-30,"Maharashtra Cricket Association Stadium, Pune",2,24.3,Afghanistan,Sri Lanka,Hashmatullah Shahidi,Rahmat Shah,PVD Chameera,1,0,,,,,,,,,
1384421,2023/24,2023-10-30,"Maharashtra Cricket Association Stadium, Pune",2,24.4,Afghanistan,Sri Lanka,Rahmat Shah,Hashmatullah Shahidi,PVD Chameera,4,0,,,,,,,,,
1384421,2023/24,2023-10-30,"Maharashtra Cricket Association Stadium, Pune",2,24.5,Afghanistan,Sri Lanka,Rahmat Shah,Hashmatullah Shahidi,PVD Chameera,1,0,,,,,,,,,
1384421,2023/24,2023-10-30,"Maharashtra Cricket Association Stadium, Pune",2,24.6,Afghanistan,Sri Lanka,Hashmatullah Shahidi,Rahmat Shah,PVD Chameera,0,0,,,,,,,,,
1384421,2023/24,2023-10-30,"Maharashtra Cricket Association Stadium, Pune",2,25.1,Afghanistan,Sri Lanka,Rahmat Shah,Hashmatullah Shahidi,CAK Rajitha,0,0,,,,,,,,,
1384421,2023/24,2023-10-30,"Maharashtra Cricket Association Stadium, Pune",2,25.2,Afghanistan,Sri Lanka,Rahmat Shah,Hashmatullah Shahidi,CAK Rajitha,0,0,,,,,,,,,
1384421,2023/24,2023-10-30,"Maharashtra Cricket Association Stadium, Pune",2,25.3,Afghanistan,Sri Lanka,Rahmat Shah,Hashmatullah Shahidi,CAK Rajitha,0,0,,,,,,,,,
1384421,2023/24,2023-10-30,"Maharashtra Cricket Association Stadium, Pune",2,25.4,Afghanistan,Sri Lanka,Rahmat Shah,Hashmatullah Shahidi,CAK Rajitha,0,0,,,,,,,,,
1384421,2023/24,2023-10-30,"Maharashtra Cricket Association Stadium, Pune",2,25.5,Afghanistan,Sri Lanka,Rahmat Shah,Hashmatullah Shahidi,CAK Rajitha,1,0,,,,,,,,,
1384421,2023/24,2023-10-30,"Maharashtra Cricket Association Stadium, Pune",2,25.6,Afghanistan,Sri Lanka,Hashmatullah Shahidi,Rahmat Shah,CAK Rajitha,0,0,,,,,,,,,
1384421,2023/24,2023-10-30,"Maharashtra Cricket Association Stadium, Pune",2,26.1,Afghanistan,Sri Lanka,Rahmat Shah,Hashmatullah Shahidi,DM de Silva,4,0,,,,,,,,,
1384421,2023/24,2023-10-30,"Maharashtra Cricket Association Stadium, Pune",2,26.2,Afghanistan,Sri Lanka,Rahmat Shah,Hashmatullah Shahidi,DM de Silva,0,0,,,,,,,,,
1384421,2023/24,2023-10-30,"Maharashtra Cricket Association Stadium, Pune",2,26.3,Afghanistan,Sri Lanka,Rahmat Shah,Hashmatullah Shahidi,DM de Silva,1,0,,,,,,,,,
1384421,2023/24,2023-10-30,"Maharashtra Cricket Association Stadium, Pune",2,26.4,Afghanistan,Sri Lanka,Hashmatullah Shahidi,Rahmat Shah,DM de Silva,0,0,,,,,,,,,
1384421,2023/24,2023-10-30,"Maharashtra Cricket Association Stadium, Pune",2,26.5,Afghanistan,Sri Lanka,Hashmatullah Shahidi,Rahmat Shah,DM de Silva,0,0,,,,,,,,,
1384421,2023/24,2023-10-30,"Maharashtra Cricket Association Stadium, Pune",2,26.6,Afghanistan,Sri Lanka,Hashmatullah Shahidi,Rahmat Shah,DM de Silva,1,0,,,,,,,,,
1384421,2023/24,2023-10-30,"Maharashtra Cricket Association Stadium, Pune",2,27.1,Afghanistan,Sri Lanka,Hashmatullah Shahidi,Rahmat Shah,CAK Rajitha,0,0,,,,,,,,,
1384421,2023/24,2023-10-30,"Maharashtra Cricket Association Stadium, Pune",2,27.2,Afghanistan,Sri Lanka,Hashmatullah Shahidi,Rahmat Shah,CAK Rajitha,3,0,,,,,,,,,
1384421,2023/24,2023-10-30,"Maharashtra Cricket Association Stadium, Pune",2,27.3,Afghanistan,Sri Lanka,Rahmat Shah,Hashmatullah Shahidi,CAK Rajitha,1,0,,,,,,,,,
1384421,2023/24,2023-10-30,"Maharashtra Cricket Association Stadium, Pune",2,27.4,Afghanistan,Sri Lanka,Hashmatullah Shahidi,Rahmat Shah,CAK Rajitha,1,0,,,,,,,,,
1384421,2023/24,2023-10-30,"Maharashtra Cricket Association Stadium, Pune",2,27.5,Afghanistan,Sri Lanka,Rahmat Shah,Hashmatullah Shahidi,CAK Rajitha,0,0,,,,,,,,,
1384421,2023/24,2023-10-30,"Maharashtra Cricket Association Stadium, Pune",2,27.6,Afghanistan,Sri Lanka,Rahmat Shah,Hashmatullah Shahidi,CAK Rajitha,0,0,,,,,,caught,Rahmat Shah,,
1384421,2023/24,2023-10-30,"Maharashtra Cricket Association Stadium, Pune",2,28.1,Afghanistan,Sri Lanka,Hashmatullah Shahidi,Azmatullah Omarzai,DM de Silva,1,0,,,,,,,,,
1384421,2023/24,2023-10-30,"Maharashtra Cricket Association Stadium, Pune",2,28.2,Afghanistan,Sri Lanka,Azmatullah Omarzai,Hashmatullah Shahidi,DM de Silva,1,0,,,,,,,,,
1384421,2023/24,2023-10-30,"Maharashtra Cricket Association Stadium, Pune",2,28.3,Afghanistan,Sri Lanka,Hashmatullah Shahidi,Azmatullah Omarzai,DM de Silva,4,0,,,,,,,,,
1384421,2023/24,2023-10-30,"Maharashtra Cricket Association Stadium, Pune",2,28.4,Afghanistan,Sri Lanka,Hashmatullah Shahidi,Azmatullah Omarzai,DM de Silva,0,0,,,,,,,,,
1384421,2023/24,2023-10-30,"Maharashtra Cricket Association Stadium, Pune",2,28.5,Afghanistan,Sri Lanka,Hashmatullah Shahidi,Azmatullah Omarzai,DM de Silva,0,0,,,,,,,,,
1384421,2023/24,2023-10-30,"Maharashtra Cricket Association Stadium, Pune",2,28.6,Afghanistan,Sri Lanka,Hashmatullah Shahidi,Azmatullah Omarzai,DM de Silva,1,0,,,,,,,,,
1384421,2023/24,2023-10-30,"Maharashtra Cricket Association Stadium, Pune",2,29.1,Afghanistan,Sri Lanka,Hashmatullah Shahidi,Azmatullah Omarzai,CAK Rajitha,0,0,,,,,,,,,
1384421,2023/24,2023-10-30,"Maharashtra Cricket Association Stadium, Pune",2,29.2,Afghanistan,Sri Lanka,Hashmatullah Shahidi,Azmatullah Omarzai,CAK Rajitha,0,0,,,,,,,,,
1384421,2023/24,2023-10-30,"Maharashtra Cricket Association Stadium, Pune",2,29.3,Afghanistan,Sri Lanka,Hashmatullah Shahidi,Azmatullah Omarzai,CAK Rajitha,1,0,,,,,,,,,
1384421,2023/24,2023-10-30,"Maharashtra Cricket Association Stadium, Pune",2,29.4,Afghanistan,Sri Lanka,Azmatullah Omarzai,Hashmatullah Shahidi,CAK Rajitha,0,0,,,,,,,,,
1384421,2023/24,2023-10-30,"Maharashtra Cricket Association Stadium, Pune",2,29.5,Afghanistan,Sri Lanka,Azmatullah Omarzai,Hashmatullah Shahidi,CAK Rajitha,0,0,,,,,,,,,
1384421,2023/24,2023-10-30,"Maharashtra Cricket Association Stadium, Pune",2,29.6,Afghanistan,Sri Lanka,Azmatullah Omarzai,Hashmatullah Shahidi,CAK Rajitha,0,0,,,,,,,,,
1384421,2023/24,2023-10-30,"Maharashtra Cricket Association Stadium, Pune",2,30.1,Afghanistan,Sri Lanka,Hashmatullah Shahidi,Azmatullah Omarzai,DM de Silva,1,0,,,,,,,,,
1384421,2023/24,2023-10-30,"Maharashtra Cricket Association Stadium, Pune",2,30.2,Afghanistan,Sri Lanka,Azmatullah Omarzai,Hashmatullah Shahidi,DM de Silva,0,0,,,,,,,,,
1384421,2023/24,2023-10-30,"Maharashtra Cricket Association Stadium, Pune",2,30.3,Afghanistan,Sri Lanka,Azmatullah Omarzai,Hashmatullah Shahidi,DM de Silva,1,0,,,,,,,,,
1384421,2023/24,2023-10-30,"Maharashtra Cricket Association Stadium, Pune",2,30.4,Afghanistan,Sri Lanka,Hashmatullah Shahidi,Azmatullah Omarzai,DM de Silva,1,0,,,,,,,,,
1384421,2023/24,2023-10-30,"Maharashtra Cricket Association Stadium, Pune",2,30.5,Afghanistan,Sri Lanka,Azmatullah Omarzai,Hashmatullah Shahidi,DM de Silva,1,0,,,,,,,,,
1384421,2023/24,2023-10-30,"Maharashtra Cricket Association Stadium, Pune",2,30.6,Afghanistan,Sri Lanka,Hashmatullah Shahidi,Azmatullah Omarzai,DM de Silva,0,0,,,,,,,,,
1384421,2023/24,2023-10-30,"Maharashtra Cricket Association Stadium, Pune",2,31.1,Afghanistan,Sri Lanka,Azmatullah Omarzai,Hashmatullah Shahidi,CAK Rajitha,1,0,,,,,,,,,
1384421,2023/24,2023-10-30,"Maharashtra Cricket Association Stadium, Pune",2,31.2,Afghanistan,Sri Lanka,Hashmatullah Shahidi,Azmatullah Omarzai,CAK Rajitha,1,0,,,,,,,,,
1384421,2023/24,2023-10-30,"Maharashtra Cricket Association Stadium, Pune",2,31.3,Afghanistan,Sri Lanka,Azmatullah Omarzai,Hashmatullah Shahidi,CAK Rajitha,0,0,,,,,,,,,
1384421,2023/24,2023-10-30,"Maharashtra Cricket Association Stadium, Pune",2,31.4,Afghanistan,Sri Lanka,Azmatullah Omarzai,Hashmatullah Shahidi,CAK Rajitha,0,0,,,,,,,,,
1384421,2023/24,2023-10-30,"Maharashtra Cricket Association Stadium, Pune",2,31.5,Afghanistan,Sri Lanka,Azmatullah Omarzai,Hashmatullah Shahidi,CAK Rajitha,2,0,,,,,,,,,
1384421,2023/24,2023-10-30,"Maharashtra Cricket Association Stadium, Pune",2,31.6,Afghanistan,Sri Lanka,Azmatullah Omarzai,Hashmatullah Shahidi,CAK Rajitha,0,1,1,,,,,,,,
1384421,2023/24,2023-10-30,"Maharashtra Cricket Association Stadium, Pune",2,31.7,Afghanistan,Sri Lanka,Azmatullah Omarzai,Hashmatullah Shahidi,CAK Rajitha,1,0,,,,,,,,,
1384421,2023/24,2023-10-30,"Maharashtra Cricket Association Stadium, Pune",2,32.1,Afghanistan,Sri Lanka,Azmatullah Omarzai,Hashmatullah Shahidi,DM de Silva,1,0,,,,,,,,,
1384421,2023/24,2023-10-30,"Maharashtra Cricket Association Stadium, Pune",2,32.2,Afghanistan,Sri Lanka,Hashmatullah Shahidi,Azmatullah Omarzai,DM de Silva,0,0,,,,,,,,,
1384421,2023/24,2023-10-30,"Maharashtra Cricket Association Stadium, Pune",2,32.3,Afghanistan,Sri Lanka,Hashmatullah Shahidi,Azmatullah Omarzai,DM de Silva,0,0,,,,,,,,,
1384421,2023/24,2023-10-30,"Maharashtra Cricket Association Stadium, Pune",2,32.4,Afghanistan,Sri Lanka,Hashmatullah Shahidi,Azmatullah Omarzai,DM de Silva,1,0,,,,,,,,,
1384421,2023/24,2023-10-30,"Maharashtra Cricket Association Stadium, Pune",2,32.5,Afghanistan,Sri Lanka,Azmatullah Omarzai,Hashmatullah Shahidi,DM de Silva,1,0,,,,,,,,,
1384421,2023/24,2023-10-30,"Maharashtra Cricket Association Stadium, Pune",2,32.6,Afghanistan,Sri Lanka,Hashmatullah Shahidi,Azmatullah Omarzai,DM de Silva,1,0,,,,,,,,,
1384421,2023/24,2023-10-30,"Maharashtra Cricket Association Stadium, Pune",2,33.1,Afghanistan,Sri Lanka,Hashmatullah Shahidi,Azmatullah Omarzai,PVD Chameera,1,0,,,,,,,,,
1384421,2023/24,2023-10-30,"Maharashtra Cricket Association Stadium, Pune",2,33.2,Afghanistan,Sri Lanka,Azmatullah Omarzai,Hashmatullah Shahidi,PVD Chameera,0,0,,,,,,,,,
1384421,2023/24,2023-10-30,"Maharashtra Cricket Association Stadium, Pune",2,33.3,Afghanistan,Sri Lanka,Azmatullah Omarzai,Hashmatullah Shahidi,PVD Chameera,0,0,,,,,,,,,
1384421,2023/24,2023-10-30,"Maharashtra Cricket Association Stadium, Pune",2,33.4,Afghanistan,Sri Lanka,Azmatullah Omarzai,Hashmatullah Shahidi,PVD Chameera,1,0,,,,,,,,,
1384421,2023/24,2023-10-30,"Maharashtra Cricket Association Stadium, Pune",2,33.5,Afghanistan,Sri Lanka,Hashmatullah Shahidi,Azmatullah Omarzai,PVD Chameera,1,0,,,,,,,,,
1384421,2023/24,2023-10-30,"Maharashtra Cricket Association Stadium, Pune",2,33.6,Afghanistan,Sri Lanka,Azmatullah Omarzai,Hashmatullah Shahidi,PVD Chameera,1,0,,,,,,,,,
1384421,2023/24,2023-10-30,"Maharashtra Cricket Association Stadium, Pune",2,34.1,Afghanistan,Sri Lanka,Azmatullah Omarzai,Hashmatullah Shahidi,M Theekshana,1,0,,,,,,,,,
1384421,2023/24,2023-10-30,"Maharashtra Cricket Association Stadium, Pune",2,34.2,Afghanistan,Sri Lanka,Hashmatullah Shahidi,Azmatullah Omarzai,M Theekshana,1,0,,,,,,,,,
1384421,2023/24,2023-10-30,"Maharashtra Cricket Association Stadium, Pune",2,34.3,Afghanistan,Sri Lanka,Azmatullah Omarzai,Hashmatullah Shahidi,M Theekshana,6,0,,,,,,,,,
1384421,2023/24,2023-10-30,"Maharashtra Cricket Association Stadium, Pune",2,34.4,Afghanistan,Sri Lanka,Azmatullah Omarzai,Hashmatullah Shahidi,M Theekshana,1,0,,,,,,,,,
1384421,2023/24,2023-10-30,"Maharashtra Cricket Association Stadium, Pune",2,34.5,Afghanistan,Sri Lanka,Hashmatullah Shahidi,Azmatullah Omarzai,M Theekshana,0,0,,,,,,,,,
1384421,2023/24,2023-10-30,"Maharashtra Cricket Association Stadium, Pune",2,34.6,Afghanistan,Sri Lanka,Hashmatullah Shahidi,Azmatullah Omarzai,M Theekshana,0,0,,,,,,,,,
1384421,2023/24,2023-10-30,"Maharashtra Cricket Association Stadium, Pune",2,35.1,Afghanistan,Sri Lanka,Azmatullah Omarzai,Hashmatullah Shahidi,PVD Chameera,6,0,,,,,,,,,
1384421,2023/24,2023-10-30,"Maharashtra Cricket Association Stadium, Pune",2,35.2,Afghanistan,Sri Lanka,Azmatullah Omarzai,Hashmatullah Shahidi,PVD Chameera,0,0,,,,,,,,,
1384421,2023/24,2023-10-30,"Maharashtra Cricket Association Stadium, Pune",2,35.3,Afghanistan,Sri Lanka,Azmatullah Omarzai,Hashmatullah Shahidi,PVD Chameera,0,0,,,,,,,,,
1384421,2023/24,2023-10-30,"Maharashtra Cricket Association Stadium, Pune",2,35.4,Afghanistan,Sri Lanka,Azmatullah Omarzai,Hashmatullah Shahidi,PVD Chameera,0,0,,,,,,,,,
1384421,2023/24,2023-10-30,"Maharashtra Cricket Association Stadium, Pune",2,35.5,Afghanistan,Sri Lanka,Azmatullah Omarzai,Hashmatullah Shahidi,PVD Chameera,1,0,,,,,,,,,
1384421,2023/24,2023-10-30,"Maharashtra Cricket Association Stadium, Pune",2,35.6,Afghanistan,Sri Lanka,Hashmatullah Shahidi,Azmatullah Omarzai,PVD Chameera,1,0,,,,,,,,,
1384421,2023/24,2023-10-30,"Maharashtra Cricket Association Stadium, Pune",2,36.1,Afghanistan,Sri Lanka,Hashmatullah Shahidi,Azmatullah Omarzai,M Theekshana,1,0,,,,,,,,,
1384421,2023/24,2023-10-30,"Maharashtra Cricket Association Stadium, Pune",2,36.2,Afghanistan,Sri Lanka,Azmatullah Omarzai,Hashmatullah Shahidi,M Theekshana,1,0,,,,,,,,,
1384421,2023/24,2023-10-30,"Maharashtra Cricket Association Stadium, Pune",2,36.3,Afghanistan,Sri Lanka,Hashmatullah Shahidi,Azmatullah Omarzai,M Theekshana,0,0,,,,,,,,,
1384421,2023/24,2023-10-30,"Maharashtra Cricket Association Stadium, Pune",2,36.4,Afghanistan,Sri Lanka,Hashmatullah Shahidi,Azmatullah Omarzai,M Theekshana,1,0,,,,,,,,,
1384421,2023/24,2023-10-30,"Maharashtra Cricket Association Stadium, Pune",2,36.5,Afghanistan,Sri Lanka,Azmatullah Omarzai,Hashmatullah Shahidi,M Theekshana,0,0,,,,,,,,,
1384421,2023/24,2023-10-30,"Maharashtra Cricket Association Stadium, Pune",2,36.6,Afghanistan,Sri Lanka,Azmatullah Omarzai,Hashmatullah Shahidi,M Theekshana,1,0,,,,,,,,,
1384421,2023/24,2023-10-30,"Maharashtra Cricket Association Stadium, Pune",2,37.1,Afghanistan,Sri Lanka,Azmatullah Omarzai,Hashmatullah Shahidi,D Madushanka,0,0,,,,,,,,,
1384421,2023/24,2023-10-30,"Maharashtra Cricket Association Stadium, Pune",2,37.2,Afghanistan,Sri Lanka,Azmatullah Omarzai,Hashmatullah Shahidi,D Madushanka,2,0,,,,,,,,,
1384421,2023/24,2023-10-30,"Maharashtra Cricket Association Stadium, Pune",2,37.3,Afghanistan,Sri Lanka,Azmatullah Omarzai,Hashmatullah Shahidi,D Madushanka,0,0,,,,,,,,,
1384421,2023/24,2023-10-30,"Maharashtra Cricket Association Stadium, Pune",2,37.4,Afghanistan,Sri Lanka,Azmatullah Omarzai,Hashmatullah Shahidi,D Madushanka,2,0,,,,,,,,,
1384421,2023/24,2023-10-30,"Maharashtra Cricket Association Stadium, Pune",2,37.5,Afghanistan,Sri Lanka,Azmatullah Omarzai,Hashmatullah Shahidi,D Madushanka,0,0,,,,,,,,,
1384421,2023/24,2023-10-30,"Maharashtra Cricket Association Stadium, Pune",2,37.6,Afghanistan,Sri Lanka,Azmatullah Omarzai,Hashmatullah Shahidi,D Madushanka,6,0,,,,,,,,,
1384421,2023/24,2023-10-30,"Maharashtra Cricket Association Stadium, Pune",2,38.1,Afghanistan,Sri Lanka,Hashmatullah Shahidi,Azmatullah Omarzai,M Theekshana,2,0,,,,,,,,,
1384421,2023/24,2023-10-30,"Maharashtra Cricket Association Stadium, Pune",2,38.2,Afghanistan,Sri Lanka,Hashmatullah Shahidi,Azmatullah Omarzai,M Theekshana,1,0,,,,,,,,,
1384421,2023/24,2023-10-30,"Maharashtra Cricket Association Stadium, Pune",2,38.3,Afghanistan,Sri Lanka,Azmatullah Omarzai,Hashmatullah Shahidi,M Theekshana,1,0,,,,,,,,,
1384421,2023/24,2023-10-30,"Maharashtra Cricket Association Stadium, Pune",2,38.4,Afghanistan,Sri Lanka,Hashmatullah Shahidi,Azmatullah Omarzai,M Theekshana,0,0,,,,,,,,,
1384421,2023/24,2023-10-30,"Maharashtra Cricket Association Stadium, Pune",2,38.5,Afghanistan,Sri Lanka,Hashmatullah Shahidi,Azmatullah Omarzai,M Theekshana,1,0,,,,,,,,,
1384421,2023/24,2023-10-30,"Maharashtra Cricket Association Stadium, Pune",2,38.6,Afghanistan,Sri Lanka,Azmatullah Omarzai,Hashmatullah Shahidi,M Theekshana,0,0,,,,,,,,,
1384421,2023/24,2023-10-30,"Maharashtra Cricket Association Stadium, Pune",2,39.1,Afghanistan,Sri Lanka,Hashmatullah Shahidi,Azmatullah Omarzai,D Madushanka,1,0,,,,,,,,,
1384421,2023/24,2023-10-30,"Maharashtra Cricket Association Stadium, Pune",2,39.2,Afghanistan,Sri Lanka,Azmatullah Omarzai,Hashmatullah Shahidi,D Madushanka,4,0,,,,,,,,,
1384421,2023/24,2023-10-30,"Maharashtra Cricket Association Stadium, Pune",2,39.3,Afghanistan,Sri Lanka,Azmatullah Omarzai,Hashmatullah Shahidi,D Madushanka,1,0,,,,,,,,,
1384421,2023/24,2023-10-30,"Maharashtra Cricket Association Stadium, Pune",2,39.4,Afghanistan,Sri Lanka,Hashmatullah Shahidi,Azmatullah Omarzai,D Madushanka,0,0,,,,,,,,,
1384421,2023/24,2023-10-30,"Maharashtra Cricket Association Stadium, Pune",2,39.5,Afghanistan,Sri Lanka,Hashmatullah Shahidi,Azmatullah Omarzai,D Madushanka,1,0,,,,,,,,,
1384421,2023/24,2023-10-30,"Maharashtra Cricket Association Stadium, Pune",2,39.6,Afghanistan,Sri Lanka,Azmatullah Omarzai,Hashmatullah Shahidi,D Madushanka,0,1,1,,,,,,,,
1384421,2023/24,2023-10-30,"Maharashtra Cricket Association Stadium, Pune",2,39.7,Afghanistan,Sri Lanka,Azmatullah Omarzai,Hashmatullah Shahidi,D Madushanka,0,0,,,,,,,,,
1384421,2023/24,2023-10-30,"Maharashtra Cricket Association Stadium, Pune",2,40.1,Afghanistan,Sri Lanka,Hashmatullah Shahidi,Azmatullah Omarzai,M Theekshana,0,0,,,,,,,,,
1384421,2023/24,2023-10-30,"Maharashtra Cricket Association Stadium, Pune",2,40.2,Afghanistan,Sri Lanka,Hashmatullah Shahidi,Azmatullah Omarzai,M Theekshana,0,2,2,,,,,,,,
1384421,2023/24,2023-10-30,"Maharashtra Cricket Association Stadium, Pune",2,40.3,Afghanistan,Sri Lanka,Azmatullah Omarzai,Hashmatullah Shahidi,M Theekshana,0,0,,,,,,,,,
1384421,2023/24,2023-10-30,"Maharashtra Cricket Association Stadium, Pune",2,40.4,Afghanistan,Sri Lanka,Azmatullah Omarzai,Hashmatullah Shahidi,M Theekshana,0,0,,,,,,,,,
1384421,2023/24,2023-10-30,"Maharashtra Cricket Association Stadium, Pune",2,40.5,Afghanistan,Sri Lanka,Azmatullah Omarzai,Hashmatullah Shahidi,M Theekshana,0,0,,,,,,,,,
1384421,2023/24,2023-10-30,"Maharashtra Cricket Association Stadium, Pune",2,40.6,Afghanistan,Sri Lanka,Azmatullah Omarzai,Hashmatullah Shahidi,M Theekshana,4,0,,,,,,,,,
1384421,2023/24,2023-10-30,"Maharashtra Cricket Association Stadium, Pune",2,40.7,Afghanistan,Sri Lanka,Azmatullah Omarzai,Hashmatullah Shahidi,M Theekshana,0,0,,,,,,,,,
1384421,2023/24,2023-10-30,"Maharashtra Cricket Association Stadium, Pune",2,41.1,Afghanistan,Sri Lanka,Hashmatullah Shahidi,Azmatullah Omarzai,D Madushanka,1,0,,,,,,,,,
1384421,2023/24,2023-10-30,"Maharashtra Cricket Association Stadium, Pune",2,41.2,Afghanistan,Sri Lanka,Azmatullah Omarzai,Hashmatullah Shahidi,D Madushanka,0,0,,,,,,,,,
1384421,2023/24,2023-10-30,"Maharashtra Cricket Association Stadium, Pune",2,41.3,Afghanistan,Sri Lanka,Azmatullah Omarzai,Hashmatullah Shahidi,D Madushanka,0,0,,,,,,,,,
1384421,2023/24,2023-10-30,"Maharashtra Cricket Association Stadium, Pune",2,41.4,Afghanistan,Sri Lanka,Azmatullah Omarzai,Hashmatullah Shahidi,D Madushanka,0,0,,,,,,,,,
1384421,2023/24,2023-10-30,"Maharashtra Cricket Association Stadium, Pune",2,41.5,Afghanistan,Sri Lanka,Azmatullah Omarzai,Hashmatullah Shahidi,D Madushanka,0,1,1,,,,,,,,
1384421,2023/24,2023-10-30,"Maharashtra Cricket Association Stadium, Pune",2,41.6,Afghanistan,Sri Lanka,Azmatullah Omarzai,Hashmatullah Shahidi,D Madushanka,1,0,,,,,,,,,
1384421,2023/24,2023-10-30,"Maharashtra Cricket Association Stadium, Pune",2,41.7,Afghanistan,Sri Lanka,Hashmatullah Shahidi,Azmatullah Omarzai,D Madushanka,4,0,,,,,,,,,
1384421,2023/24,2023-10-30,"Maharashtra Cricket Association Stadium, Pune",2,42.1,Afghanistan,Sri Lanka,Azmatullah Omarzai,Hashmatullah Shahidi,CAK Rajitha,1,0,,,,,,,,,
1384421,2023/24,2023-10-30,"Maharashtra Cricket Association Stadium, Pune",2,42.2,Afghanistan,Sri Lanka,Hashmatullah Shahidi,Azmatullah Omarzai,CAK Rajitha,1,0,,,,,,,,,
1384421,2023/24,2023-10-30,"Maharashtra Cricket Association Stadium, Pune",2,42.3,Afghanistan,Sri Lanka,Azmatullah Omarzai,Hashmatullah Shahidi,CAK Rajitha,0,0,,,,,,,,,
1384421,2023/24,2023-10-30,"Maharashtra Cricket Association Stadium, Pune",2,42.4,Afghanistan,Sri Lanka,Azmatullah Omarzai,Hashmatullah Shahidi,CAK Rajitha,2,0,,,,,,,,,
1384421,2023/24,2023-10-30,"Maharashtra Cricket Association Stadium, Pune",2,42.5,Afghanistan,Sri Lanka,Azmatullah Omarzai,Hashmatullah Shahidi,CAK Rajitha,4,0,,,,,,,,,
1384421,2023/24,2023-10-30,"Maharashtra Cricket Association Stadium, Pune",2,42.6,Afghanistan,Sri Lanka,Azmatullah Omarzai,Hashmatullah Shahidi,CAK Rajitha,1,0,,,,,,,,,
1384421,2023/24,2023-10-30,"Maharashtra Cricket Association Stadium, Pune",2,43.1,Afghanistan,Sri Lanka,Azmatullah Omarzai,Hashmatullah Shahidi,PVD Chameera,4,0,,,,,,,,,
1384421,2023/24,2023-10-30,"Maharashtra Cricket Association Stadium, Pune",2,43.2,Afghanistan,Sri Lanka,Azmatullah Omarzai,Hashmatullah Shahidi,PVD Chameera,0,0,,,,,,,,,
1384421,2023/24,2023-10-30,"Maharashtra Cricket Association Stadium, Pune",2,43.3,Afghanistan,Sri Lanka,Azmatullah Omarzai,Hashmatullah Shahidi,PVD Chameera,4,0,,,,,,,,,
1384421,2023/24,2023-10-30,"Maharashtra Cricket Association Stadium, Pune",2,43.4,Afghanistan,Sri Lanka,Azmatullah Omarzai,Hashmatullah Shahidi,PVD Chameera,1,0,,,,,,,,,
1384421,2023/24,2023-10-30,"Maharashtra Cricket Association Stadium, Pune",2,43.5,Afghanistan,Sri Lanka,Hashmatullah Shahidi,Azmatullah Omarzai,PVD Chameera,0,0,,,,,,,,,
1384421,2023/24,2023-10-30,"Maharashtra Cricket Association Stadium, Pune",2,43.6,Afghanistan,Sri Lanka,Hashmatullah Shahidi,Azmatullah Omarzai,PVD Chameera,0,0,,,,,,,,,
1384421,2023/24,2023-10-30,"Maharashtra Cricket Association Stadium, Pune",2,44.1,Afghanistan,Sri Lanka,Azmatullah Omarzai,Hashmatullah Shahidi,CAK Rajitha,0,0,,,,,,,,,
1384421,2023/24,2023-10-30,"Maharashtra Cricket Association Stadium, Pune",2,44.2,Afghanistan,Sri Lanka,Azmatullah Omarzai,Hashmatullah Shahidi,CAK Rajitha,1,0,,,,,,,,,
1384421,2023/24,2023-10-30,"Maharashtra Cricket Association Stadium, Pune",2,44.3,Afghanistan,Sri Lanka,Hashmatullah Shahidi,Azmatullah Omarzai,CAK Rajitha,1,0,,,,,,,,,
1384421,2023/24,2023-10-30,"Maharashtra Cricket Association Stadium, Pune",2,44.4,Afghanistan,Sri Lanka,Azmatullah Omarzai,Hashmatullah Shahidi,CAK Rajitha,4,0,,,,,,,,,
1384421,2023/24,2023-10-30,"Maharashtra Cricket Association Stadium, Pune",2,44.5,Afghanistan,Sri Lanka,Azmatullah Omarzai,Hashmatullah Shahidi,CAK Rajitha,1,0,,,,,,,,,
1384421,2023/24,2023-10-30,"Maharashtra Cricket Association Stadium, Pune",2,44.6,Afghanistan,Sri Lanka,Hashmatullah Shahidi,Azmatullah Omarzai,CAK Rajitha,1,0,,,,,,,,,
1384421,2023/24,2023-10-30,"Maharashtra Cricket Association Stadium, Pune",2,45.1,Afghanistan,Sri Lanka,Hashmatullah Shahidi,Azmatullah Omarzai,PVD Chameera,1,0,,,,,,,,,
1384421,2023/24,2023-10-30,"Maharashtra Cricket Association Stadium, Pune",2,45.2,Afghanistan,Sri Lanka,Azmatullah Omarzai,Hashmatullah Shahidi,PVD Chameera,1,0,,,,,,,,,
